domain,count,category,linked_by
github.com,802,代码托管,"['071400.xyz', '0x3f.foo', '11ao.cn', '15926.tech', '226yzy.com', '275.pub', '2star.top', '404notfixed.cn', '418121.xyz', '4ading.com']"
foreverblog.cn,276,独立博客圈,"['226yzy.com', '4ading.com', '6young.site', '80srz.com', '97772.top', '9sb.net', 'acchw.top', 'aciano.top', 'addesp.com', 'aibofan.com']"
space.bilibili.com,242,音乐/影视,"['071400.xyz', '0x3f.foo', '226yzy.com', '275.pub', '2star.top', '418121.xyz', '4ading.com', '666wxy666.github.io', '6young.site', '7boe.top']"
hexo.io,188,其他,"['15926.tech', '226yzy.com', '666wxy666.github.io', '6young.site', '7bxing.com', 'aajax.top', 'acchw.top', 'agen233.top', 'aicsuk.net', 'alampy.com']"
beian.gov.cn,114,其他,"['226yzy.com', '4ading.com', '6young.site', '9sb.net', 'ajinol.com', 'aloner.ink', 'astrophel.top', 'bcmonomial.xyz', 'bfzw.top', 'blog.59888888.xyz']"
beian.mps.gov.cn,108,其他,"['11ao.cn', '8853131.xyz', 'aicsuk.net', 'amazingk.cn', 'anye.xyz', 'b.ncii.cn', 'baiyuyu.com', 'bangkaixin.com', 'blessyou.top', 'blog.aiheadn.cn']"
travel.moe,94,其他,"['4ading.com', '66619.eu.org', '80srz.com', 'aibofan.com', 'aicsuk.net', 'alzt02.github.io', 'arc.canmi.icu', 'astrophel.top', 'bcmonomial.xyz', 'blog.245179.xyz']"
t.me,89,社交平台,"['071400.xyz', '418121.xyz', '66619.eu.org', '8cat.life', 'alampy.com', 'anye.xyz', 'arc.canmi.icu', 'baipin.pw', 'barku.re', 'bestoko.cc']"
upyun.com,88,其他,"['071400.xyz', '226yzy.com', 'amjun.com', 'angine.tech', 'bangkaixin.com', 'bcmonomial.xyz', 'blessyou.top', 'blog.aulypc0x0.online', 'blog.chrison.cn', 'blog.cpen.top']"
typecho.org,72,其他,"['1ning.cn', '57767.top', '97772.top', 'aloner.ink', 'ariels.xyz', 'bcmonomial.xyz', 'biibii.cn', 'blessyou.top', 'blog.angustar.com', 'blog.chario.cn']"
twitter.com,64,社交平台,"['66619.eu.org', '8cat.life', 'aciano.top', 'alzt02.github.io', 'ameow.xyz', 'arc.canmi.icu', 'bestoko.cc', 'bikari.top', 'blog.aloys233.top', 'blog.aulypc0x0.online']"
astro.build,64,其他,"['0x3f.foo', '275.pub', 'arcwolf.top', 'aristore.top', 'blog.7003410.xyz', 'blog.ai-nous.com', 'blog.alayedong.cn', 'blog.aloys233.top', 'blog.amoswu.top', 'blog.aulypc0x0.online']"
zhihu.com,61,博客平台,"['071400.xyz', '226yzy.com', '418121.xyz', '666wxy666.github.io', '6young.site', 'aicsuk.net', 'alzt02.github.io', 'amiaaaz.github.io', 'apurer.cn', 'blog.cmyr.ltd']"
gohugo.io,61,其他,"['404notfixed.cn', 'baozongwi.xyz', 'bestoko.cc', 'blog.antio2.cn', 'blog.danzaii.cn', 'blog.hesiy.cn', 'blog.huaxiangshan.com', 'blog.iqzhi.com', 'blog.jimersylee.com', 'blog.l3zc.com']"
halo.run,61,其他,"['11ao.cn', '2star.top', '8853131.xyz', 'ajinol.com', 'amazingk.cn', 'ameow.xyz', 'anhaoyang.com', 'anye.xyz', 'b.ncii.cn', 'bangkaixin.com']"
music.163.com,58,音乐/影视,"['666wxy666.github.io', 'aciano.top', 'aicsuk.net', 'apurer.cn', 'baipin.pw', 'beni.pub', 'blog.chino.mom', 'blog.danzaii.cn', 'blog.hakochest.cn', 'blog.hesiy.cn']"
x.com,57,社交平台,"['alantorp.online', 'arc.canmi.icu', 'bear556.top', 'blog.7wate.com', 'blog.gzti.me', 'blog.hadream.ltd', 'blog.icybit.cn', 'blog.ksable.top', 'blog.lemonstar.me', 'blog.ninc.top']"
steamcommunity.com,55,其他,"['071400.xyz', '7boe.top', '97772.top', 'apurer.cn', 'b.ncii.cn', 'baipin.pw', 'bestoko.cc', 'blog.adyun.design', 'blog.aulypc0x0.online', 'blog.bleaz.net']"
boyouquan.com,54,其他,"['80h.cn', '80srz.com', 'acchw.top', 'astrophel.top', 'blog.000k.de', 'blog.aiheadn.cn', 'blog.colix.cn', 'blog.deepchirp.com', 'blog.dhbxs.top', 'blog.hehouhui.cn']"
blogsclub.org,53,其他,"['2star.top', '80h.cn', 'ayayy.com', 'blog.000k.de', 'blog.ansonq.com', 'blog.chrison.cn', 'blog.cpen.top', 'blog.elysium-stack.cn', 'blog.fantasyke.cn', 'blog.gankudadiz.com']"
blogscn.fun,52,其他,"['11ao.cn', '418121.xyz', '80srz.com', 'blog.000k.de', 'blog.aiheadn.cn', 'blog.chrison.cn', 'blog.elysium-stack.cn', 'blog.fantasyke.cn', 'blog.hehouhui.cn', 'blog.jerryz.com.cn']"
weibo.com,50,社交平台,"['418121.xyz', '4ading.com', '80srz.com', '97772.top', 'aicsuk.net', 'amiaaaz.github.io', 'baipin.pw', 'baka.fun', 'blog.393837.xyz', 'blog.aqcoder.cn']"
travellings.link,42,其他,"['9sb.net', 'amazingk.cn', 'ariels.xyz', 'baipin.pw', 'bangkaixin.com', 'blog.6yfz.cn', 'blog.dylanwu.space', 'blog.garryde.com', 'blog.laugh12321.cn', 'blog.luvying.com']"
wpa.qq.com,42,其他,"['226yzy.com', '7boe.top', 'b.ncii.cn', 'beni.pub', 'blog.admincmd.xyz', 'blog.aiheadn.cn', 'blog.cancin.cn', 'blog.danzaii.cn', 'blog.fantasyke.cn', 'blog.kengwang.com.cn']"
storeweb.cn,39,其他,"['418121.xyz', '80srz.com', '97772.top', 'aciano.top', 'agen233.top', 'aloner.ink', 'baipin.pw', 'blog.393837.xyz', 'blog.59888888.xyz', 'blog.hehouhui.cn']"
bf.zzxworld.com,38,其他,"['7boe.top', 'aciano.top', 'blog.aiheadn.cn', 'blog.cpen.top', 'blog.elysium-stack.cn', 'blog.hpcesia.com', 'blog.jombarry.online', 'blog.kclub.tech', 'blog.mocn.top', 'blog.moeqy.com']"
qm.qq.com,38,其他,"['2star.top', 'b.ncii.cn', 'blog.ai-nous.com', 'blog.bsgun.cn', 'blog.cuteleaf.cn', 'blog.gbfun.cc', 'blog.kclub.tech', 'blog.mcxiaochen.top', 'blog.moeworld.tech', 'blog.sotkg.com']"
icp.redcha.cn,38,其他,"['2star.top', 'alzt02.github.io', 'arcwolf.top', 'blog.393837.xyz', 'blog.admincmd.xyz', 'blog.andyjin.website', 'blog.arkria.dev', 'blog.furen.link', 'blog.hxrch.top', 'blog.jiyu134.top']"
gitee.com,30,代码托管,"['418121.xyz', '666wxy666.github.io', 'arcwolf.top', 'blog.59888888.xyz', 'blog.adlamp.cn', 'blog.aqcoder.cn', 'blog.ciriu.com', 'blog.cuteleaf.cn', 'blog.gzzz.pro', 'blog.jombarry.online']"
notbyai.fyi,29,其他,"['97772.top', 'aicsuk.net', 'angine.tech', 'blog.antio2.cn', 'blog.colix.cn', 'blog.jaspirit.cc', 'blog.kokomi.me', 'blog.sibaihua.com', 'blog.uuanqin.top', 'blog.yasking.org']"
blog.csdn.net,26,博客平台,"['226yzy.com', '418121.xyz', '6young.site', '7boe.top', 'blog.aiheadn.cn', 'blog.aqcoder.cn', 'blog.gzzz.pro', 'blog.jiumoz.com', 'blog.kimbell.top', 'blog.luzy.top']"
vercel.com,25,其他,"['7bxing.com', 'aciano.top', 'blog.224418.xyz', 'blog.393837.xyz', 'blog.aizrf.com', 'blog.akimio.top', 'blog.andyjin.website', 'blog.daoxi365.top', 'blog.dukefox.com', 'blog.gbfun.cc']"
cloud.tencent.com,25,其他,"['ajinol.com', 'blog.bleaz.net', 'blog.dukefox.com', 'blog.elysium-stack.cn', 'blog.gbfun.cc', 'blog.keaeye.fun', 'blog.kevinchu.top', 'blog.liushen.fun', 'blog.starysky.top', 'blog.zhwei101.com']"
v6.51.la,25,其他,"['6young.site', '80srz.com', 'aciano.top', 'baihw.cn', 'blog.393837.xyz', 'blog.admincmd.xyz', 'blog.amireuxox.cn', 'blog.dlya.top', 'blog.furen.link', 'blog.gbfun.cc']"
instagram.com,24,社交平台,"['071400.xyz', '418121.xyz', '66619.eu.org', 'aurora.love', 'blog.haojin.li', 'blog.pai233.top', 'blog.qgmzmy.me', 'cheng.st', 'cynosura.one', 'davingm.com']"
boringbay.com,23,其他,"['blog.245179.xyz', 'blog.elysium-stack.cn', 'blog.gankudadiz.com', 'blog.gbfun.cc', 'blog.gogei.top', 'blog.hehouhui.cn', 'blog.luckyits.com', 'blog.mcxiaochen.top', 'blog.starchen.top', 'blog.storia.ren']"
youtube.com,21,音乐/影视,"['071400.xyz', '418121.xyz', '7boe.top', 'blog.bleaz.net', 'blog.btwoa.com', 'blog.chyk.ink', 'blog.fantasyke.cn', 'blog.lemonstar.me', 'blog.pai233.top', 'blog.qgmzmy.me']"
aliyun.com,21,其他,"['7boe.top', 'blog.boranstars.top', 'blog.ceobe.cn', 'blog.jackeylea.com', 'blog.luckyits.com', 'blog.nosecurity.cn', 'blog.qaiu.top', 'coolku.cc', 'hiwannz.com', 'imcao.cn']"
cloudflare.com,20,部署/云服务,"['alex1222.com', 'blog.aizrf.com', 'blog.akimio.top', 'blog.ansonq.com', 'blog.ciriu.com', 'blog.jerrywick.com', 'blog.yebken.cn', 'blog.yuse.cc', 'bwsl.wang', 'cooree.eu.org']"
boke.lu,20,其他,"['97772.top', 'blog.000k.de', 'blog.59888888.xyz', 'blog.aiheadn.cn', 'blog.hehouhui.cn', 'blog.stoh.cc', 'fec.xyz', 'fuxes.cn', 'icl.site', 'joomaen.com']"
ihewro.com,19,其他,"['ariels.xyz', 'bcmonomial.xyz', 'blog.angustar.com', 'blog.chario.cn', 'blog.chrxw.com', 'blog.drearry.com', 'blog.garryde.com', 'blog.lehman.top', 'blog.sibaihua.com', 'blog.sky390.cn']"
stats.uptimerobot.com,18,其他,"['226yzy.com', 'blog.224418.xyz', 'blog.btwoa.com', 'blog.codestar.top', 'blog.goodboyboy.top', 'blog.moeworld.tech', 'blog.qaiu.top', 'blog.yasking.org', 'chenlifeng.com', 'ghostchu.com']"
mp.weixin.qq.com,18,其他,"['529464.xyz', 'blog.chentao1006.com', 'blog.hikarilan.life', 'blog.moeworld.tech', 'ciniao.me', 'cuixinxin.cn', 'dcbj.online', 'futseyi.com', 'hadongzhu.com', 'java78.com']"
wordpress.org,18,其他,"['blog.sdsml.top', 'blog.starchen.top', 'blog.tsio.top', 'blog.veitzn.top', 'cyrus19.cc', 'haoyu233.com', 'ihello.cc', 'itxcjm.top', 'lafoyer.com', 'lklog.cn']"
message,17,其他,"['bangkaixin.com', 'blog.adyun.design', 'blog.colix.cn', 'blog.laugh12321.cn', 'blog.stevezmt.top', 'blog.yaria.top', 'cuixinxin.cn', 'geekswg.js.cool', 'hilxy.com', 'iasuna.com']"
linkedin.com,16,其他,"['alex1222.com', 'blog.hehouhui.cn', 'blog.mariozzj.cn', 'davingm.com', 'futseyi.com', 'hetong-re4per.com', 'lailai.one', 'lisz.me', 'littlenyima.github.io', 'lyt0112.com']"
jimmycai.com,16,其他,"['bestoko.cc', 'blog.antio2.cn', 'blog.l3zc.com', 'blog.zhoujump.club', 'boiltask.com', 'brume.top', 'dendrobiumcgk.chat', 'rikka.im', 'shimoko.com', 'skae.top']"
cn.wordpress.org,16,其他,"['7gugu.com', 'aibofan.com', 'bfzw.top', 'blog.chentao1006.com', 'blog.imysen.com', 'blog.liseezn.top', 'erui.org', 'hiwannz.com', 'jjy2023.cn', 'memxb.top']"
v.douyin.com,16,其他,"['418121.xyz', 'blog.393837.xyz', 'blog.aiheadn.cn', 'blog.luckyits.com', 'blog.nuaa.tech', 'blog.starsharbor.com', 'blog.zhheo.com', 'haoyu233.com', 'icu007work.github.io', 'java78.com']"
afdian.com,15,其他,"['alampy.com', 'blog.ansonq.com', 'blog.btwoa.com', 'blog.cmyr.ltd', 'blog.lonzov.top', 'blog.lynn6.cn', 'blog.moeworld.tech', 'blog.samhou.moe', 'blog.zhheo.com', 'fanzhuo.xyz']"
cnblogs.com,14,博客平台,"['226yzy.com', 'blog.peiluming.com', 'blog.y7n05h.dev', 'blog.zyxm.top', 'echeverra.cn', 'fx7.top', 'geekswg.js.cool', 'ie12blog.36102025.xyz', 'leo2011.eu.org', 'littlenyima.github.io']"
curl.qcloud.com,14,其他,"['blog.chrison.cn', 'blog.cuteleaf.cn', 'blog.jackeylea.com', 'erui.org', 'finley.top', 'hin.cool', 'hiwannz.com', 'java78.com', 'loliloli.moe', 'lyszm.com']"
blogs.quest,14,其他,"['blog.dhbxs.top', 'blog.elysium-stack.cn', 'blog.gankudadiz.com', 'blog.hehouhui.cn', 'blog.hiyun.top', 'blog.liseezn.top', 'blog.storia.ren', 'blog.wryhf.com', 'fiammanda.com', 'huiris.com']"
bilibili.com,14,音乐/影视,"['bcmonomial.xyz', 'blog.feng1026.top', 'blog.haoye.plus', 'blog.liseezn.top', 'blog.tsio.top', 'dcbj.online', 'docs.shanyuhai.top', 'finley.top', 'liaochenlanruo.fun', 'liwanr.com']"
pixiv.net,14,其他,"['0x3f.foo', 'blog.hakochest.cn', 'blog.sakurasen.cn', 'exister.tk', 'fuwari.oh1.top', 'iamyukino.cn', 'ikamusume7.org', 'littlenyima.github.io', 'mmoe.work', 'mskclover.com']"
xiaohongshu.com,13,其他,"['418121.xyz', '4ading.com', 'blog.cmyr.ltd', 'blog.lxythan2lxy.cn', 'dcbj.online', 'debuginn.com', 'java78.com', 'jjy2023.cn', 'joeytoday.com', 'panjinbo.com']"
rainyun.com,13,其他,"['275.pub', 'biliwind.com', 'blog.demius.tech', 'blog.fis.ink', 'blog.lonzov.top', 'blog.sky390.cn', 'fang.blog.miri.site', 'java78.com', 'lik.cc', 'pyrzo.com']"
jsdelivr.com,12,其他,"['666wxy666.github.io', '7bxing.com', 'blog.393837.xyz', 'blog.jerrywick.com', 'blog.starysky.top', 'coolku.cc', 'imszz.com', 'imum.me', 'jokerdig.top', 'misakamoe.com']"
douyin.com,12,其他,"['071400.xyz', '4ading.com', 'blog.goatpretty.com', 'blog.imysen.com', 'blog.viper3.top', 'blog.zhwei101.com', 'diary.bid', 'geekswg.js.cool', 'liwanr.com', 'oyiso.cn']"
ipw.cn,12,其他,"['blog.393837.xyz', 'blog.wryhf.com', 'imfurry.com', 'justpureh2o.cn', 'leo2011.eu.org', 'lyszm.com', 'nocp.space', 'shifeiyu.cn', 'whooc.com', 'youhuge.site']"
douban.com,11,音乐/影视,"['blog.erispyu.fun', 'blog.lovelu.top', 'cheapy.top', 'dcbj.online', 'ihkk.net', 'iots.vip', 'jinqimu.github.io', 'joeytoday.com', 'kp-z.github.io', 'neutrino7.top']"
docs.fuukei.org,11,其他,"['071400.xyz', 'addesp.com', 'blog.chino.mom', 'blog.zhecydn.asia', 'imjipa.top', 'mroldl001.top', 'oldcrocodile.space', 'pyrzo.com', 'silverisky.com', 'wp.qwq2022.top']"
myssl.com,10,其他,"['blog.antio2.cn', 'blog.liseezn.top', 'blog.sdsml.top', 'blog.starysky.top', 'imut.xyz', 'liunian.cc', 'luanshiliunian.cn', 'safe.cafe', 'teh.top', 'wp.qwq2022.top']"
juejin.cn,10,博客平台,"['6young.site', 'blog.cmyr.ltd', 'blog.tsio.top', 'consolelz.github.io', 'echeverra.cn', 'indulgeback.github.io', 'leetme.netlify.app', 'lylyl.cn', 'vespeng.com', 'xingwangzhe.fun']"
theme-next.js.org,9,其他,"['blog.erispyu.fun', 'blog.fufu.ink', 'blog.kokomi.me', 'blog.loveyou.moe', 'overstars.github.io', 'shiquda.link', 'wangjiezhe.com', 'wznmickey.com', 'ycyc.win']"
get233.com,9,其他,"['aloner.ink', 'blog.isww.cn', 'boyoung.top', 'chirmyram.top', 'furryowo.top', 'gmcllp.cn', 'hovthen.com', 'luming.cool', 'moleft.cn']"
jq.qq.com,9,其他,"['alzt02.github.io', 'bikari.top', 'blog.chyk.ink', 'blog.cmyr.ltd', 'blog.dominoh.com', 'blog.qaiu.top', 'blog.sakurasen.cn', 'blog.zhilu.cyou', 'skira.top']"
edgeone.ai,9,其他,"['11ao.cn', 'anye.xyz', 'blog.bleaz.net', 'blog.bsgun.cn', 'blog.ciriu.com', 'hetong-re4per.com', 'itbob.cn', 'rong6.cn', 'sumi233.top']"
bsky.app,9,其他,"['arc.canmi.icu', 'cynosura.one', 'davingm.com', 'efu.me', 'nichijou.moe', 'qubik65536.top', 'whbbit.cn', 'yux-bao.icu', 'zla.pub']"
cloud.umami.is,9,统计/监控,"['blog.224418.xyz', 'blog.ciriu.com', 'blog.mocn.top', 'blog.wryhf.com', 'geekswg.js.cool', 'ie12blog.36102025.xyz', 'miyamura.top', 'youyeyejie.github.io', 'yux-bao.icu']"
xn--sr8hvo.ws,8,其他,"['ayu.land', 'blog.southfox.me', 'blog.storia.ren', 'chlo.is', 'geedea.pro', 'his2nd.life', 'imgradeone.com', 'leehenry.top']"
facebook.com,8,社交平台,"['blog.pai233.top', 'blog.qgmzmy.me', 'edony.ink', 'icu007work.github.io', 'mingcy.cn', 'muidar.com', 'siax.cn', 'zsd.name']"
blogplanet.cn,8,其他,"['blog.clearligh.top', 'fuxes.cn', 'ie12blog.36102025.xyz', 'note.redcha.cn', 'qiulaidongfeng.github.io', 'styunlen.cn', 'wang618.cn', 'wanghanyue.com']"
theme.thyuu.com,8,其他,"['blog.kfdzcoffee.cn', 'blog.zyx-2012.cn', 'ihello.cc', 'lafoyer.com', 'lybblog.cn', 'nkmon.com', 'puresky.top', 'thyuu.com']"
dalao.net,8,其他,"['ccgxk.com', 'hxy.cc', 'jhwiki.com', 'lb5.net', 'moraex.com', 'wang618.cn', 'xingwangzhe.fun', 'yunxge.cn']"
docs.anheyu.com,8,其他,"['blog.393837.xyz', 'blog.jerryz.com.cn', 'jikehou.cn', 'rhopaper.top', 'siax.cn', 'xmdblog.com', 'xyx404.github.io', 'yc100.github.io']"
netlify.com,8,其他,"['blog.245179.xyz', 'blog.akimio.top', 'blog.amireuxox.cn', 'blog.hehouhui.cn', 'blog.jkl.asia', 'lisz.me', 'nocp.space', 'yucol.top']"
bgm.tv,8,其他,"['blog.kokomi.me', 'blog.samhou.moe', 'eofs791.github.io', 'juniortree.com', 'nichijou.moe', 'oldcrocodile.space', 'physnya.top', 'wygxmew.github.io']"
tongji.baidu.com,7,统计/监控,"['7bxing.com', 'ajinol.com', 'coolku.cc', 'ljscope.top', 'lyszm.com', 'tch.cool', 'wanghanyue.com']"
discord.gg,7,其他,"['blog.cmyr.ltd', 'blog.kclub.tech', 'blog.pai233.top', 'blog.rickyxrc.cc', 'debuginn.com', 'nichijou.moe', 'zzzhome.cc']"
mail.qq.com,7,其他,"['80srz.com', 'blog.kimbell.top', 'blog.meta-code.top', 'mnchen.cn', 'moeyao.cn', 'pwsz.com', 'teh.top']"
npm.elemecdn.com,7,其他,"['aciano.top', 'astrophel.top', 'aurora.love', 'blog.inekoxia.com', 'blog.loadke.tech', 'blog.opeach.cn', 'xyx404.github.io']"
store.mmbkz.cn,7,其他,"['blessyou.top', 'blog.viper3.top', 'chrisfu.cn', 'panda995.xyz', 'tutouzhang.com', 'xizi.live', 'zxs.me']"
rmbk.cc,7,其他,"['blog.224418.xyz', 'blog.storia.ren', 'fengcblog.880200.xyz', 'ie12blog.36102025.xyz', 'nxxy335.top', 'wang618.cn', 'xiaoten.com']"
yuque.com,7,其他,"['blog.000k.de', 'blog.adyun.design', 'blog.codestar.top', 'lklog.cn', 'yangda.vip', 'yunxge.cn', 'yunyoujun.cn']"
flyhigher.top,6,其他,"['baipin.pw', 'freejishu.com', 'imcys.com', 'imfurry.com', 'milu.ink', 'zouht.com']"
xaoxuu.com,6,其他,"['colsrch.cn', 'consolelz.github.io', 'dusays.com', 'nkmon.com', 'thisisxxz.com', 'yzyyz.top']"
addcontact,6,其他,"['blog.jkl.asia', 'coolku.cc', 'liaochenlanruo.fun', 'lorcas.top', 'volatile.qzz.io', 'zsd.name']"
scholar.google.com,6,其他,"['529464.xyz', 'axi404.top', 'elliot98.top', 'lisz.me', 'lyt0112.com', 'xhd0728.github.io']"
vitepress.dev,6,其他,"['blog.imsyy.top', 'blog.ninc.top', 'indulgeback.github.io', 'lilu.org.cn', 'qubik65536.top', 'wubie.quanmwl.com']"
bloginc.cn,6,其他,"['blog.hehouhui.cn', 'blog.stoh.cc', 'fengcblog.880200.xyz', 'fuxes.cn', 'ie12blog.36102025.xyz', 'wang618.cn']"
blogtalk.org,6,其他,"['fec.xyz', 'fengcblog.880200.xyz', 'fuxes.cn', 'huluohu.com', 'jdzhao.com', 'note.redcha.cn']"
blowfish.page,6,其他,"['hetong-re4per.com', 'heykyo.com', 'jukai.site', 'malei.net', 'panjinbo.com', 'zzzhome.cc']"
discord.com,6,其他,"['baozongwi.xyz', 'davingm.com', 'liwanr.com', 'nichijou.moe', 'shiyin.cafe', 'volatile.qzz.io']"
stackoverflow.com,5,其他,"['kaitaku.xyz', 'megatontech.github.io', 'mroldl001.top', 'overstars.github.io', 'wznmickey.com']"
moedog.org,5,其他,"['blog.ilidilid.top', 'blog.moeworld.tech', 'imut.xyz', 'itxcjm.top', 'kanokano.cn']"
vtrois.com,5,其他,"['blog.ilidilid.top', 'blog.moeworld.tech', 'imut.xyz', 'itxcjm.top', 'kanokano.cn']"
gitlab.com,5,代码托管,"['blog.pai233.top', 'davingm.com', 'miyamura.top', 'nichijou.moe', 'yuejiaxin.ln.cn']"
s.qiniu.com,5,其他,"['blog.jackeylea.com', 'blog.pai233.top', 'erui.org', 'fish9.cn', 'yuanshan.site']"
yayu.net,5,其他,"['kaffa.im', 'note.redcha.cn', 'timelate.com', 'utopiaxc.cn', 'yucol.top']"
