domain,name,icp,province_code,province
wznmickey.com,静静的小窝,沪ICP备20021750号,沪,上海
xd.sh.cn,不淡定的实验室,沪ICP备14038257号,沪,上海
morcat.cn,Morcat Blog,沪ICP备2020035797号,沪,上海
muidar.com,Muidar's Site,沪ICP备2025113464号,沪,上海
moey.cn,萌言网,沪ICP备2025112667号,沪,上海
linlexiao.com,linlexiao's blog,沪ICP备2022025418号,沪,上海
weisay.com,威言威语,沪ICP备13030795号,沪,上海
sunnyfly.com,孙威的阳光海,沪ICP备2022027286号,沪,上海
blog.linyunlink.top,凌云·LinYun,沪ICP备2025135779号,沪,上海
vrast.cn,Keyle's Blog,沪ICP备20024028号,沪,上海
xmdblog.com,小明的部落格,沪ICP备2024050492号,沪,上海
tch.cool,我剑也未尝不利,沪ICP备2024097829号,沪,上海
blog.lehman.top,Lehman-Blog,沪ICP备2021002849号,沪,上海
blog.elysium-stack.cn,ElysiumStack,沪ICP备2024044120号,沪,上海
blog.kokomi.me,果果的闪光堆放处,沪ICP备2025142702号,沪,上海
yux-bao.icu,Yux Bao的个人博客,沪ICP备2025147371号,沪,上海
yuanshan.site,远山的小站,沪ICP备20021660号,沪,上海
iamyukino.cn,雨雪冰屋,沪ICP备2025115044号,沪,上海
blog.angustar.com,白日梦研究所,蒙ICP备18001177号,蒙,内蒙古
zhw150.top,开心果,蒙ICP备20000641号,蒙,内蒙古
imfurry.com,中二蘑菇的博客,蒙ICP备2022001504号,蒙,内蒙古
handsonic.top,HandSonic‘s Blog,京ICP备20016805号,京,北京
foolishfox.cn,Fox Home,京ICP备2020033890号,京,北京
blog.zhheo.com,张洪 Heo,京ICP备19051325号,京,北京
ykuee.link,Ykuee 的博客,京ICP备2020047560号,京,北京
aotxland.com,AoTxLand,京ICP备15042352号,京,北京
chenmx.net,晓果冻,京ICP备2025103742号,京,北京
acchw.top,知秋,京ICP备20004941号,京,北京
tonyyin.top,TonyYin's Blog,京ICP备2020046595号,京,北京
gorpeln.top,gorpeln 的个人博客,京ICP备2021024484号,京,北京
blog.lichenghao.cn,故事的程序猿 Lichlaughing^Blog,京ICP备18059158号,京,北京
pandax.wiki,PandaX Blog,京ICP备2023001444号,京,北京
wp-boke.work,shimmer,京ICP备2022004838号,京,北京
blog.viper3.top,小霜南风,京ICP备2023015801号,京,北京
blog.lxythan2lxy.cn,Travis' Blog,京ICP备20006389号,京,北京
lyszm.com,六月是只猫,京ICP备2022028403号,京,北京
tyatt.top,涵五记,京ICP备19048465号,京,北京
yufm.com,悠见YUFM,京ICP备2021032531号,京,北京
ztrztr.top,ztr 的小窝,京ICP备2023004777号,京,北京
yangda.vip,渊语,京ICP备2022012690号,京,北京
teh.top,小苏打笔记,京ICP备15015906号,京,北京
arlulu.com,阿噜噜同学,京ICP备2023032912号,京,北京
blog.fengyunji.site,FengYunji's Blog,京ICP备2025110712号,京,北京
bcmonomial.xyz,单项式的笔记本,京ICP备2020039504号,京,北京
blog.fis.ink,fishcpy的小破站,京ICP备2025138063号,京,北京
liuchenyang.top,ToLiucyLinux,京ICP备2023037493号,京,北京
webfem.com,webfem,京ICP备16066763号,京,北京
pengs.top,Peng's Blog,京ICP备2025154912号,京,北京
mubeiyizhimao.top,慕北一只猫,京ICP备2021005370号,京,北京
lukelzlz.top,lukelzlz,京ICP备2024082545号,京,北京
blog.hiyun.top,ObsiBlog,京ICP备2025119246号,京,北京
voidbytes.com,小白的编程札记,京ICP备2023004911号,京,北京
8cat.life,ccm's blog,京ICP备2025143479号,京,北京
citydatum.cn,橙树志 ｜ citydatum,京ICP备2025105237号,京,北京
i.igosn.com,IGOSN,京ICP备2025154027号,京,北京
moleft.cn,MoLeft's Blog,吉ICP备18003758号,吉,吉林
zyglq.cn,资源管理器博客,吉ICP备2021002260号,吉,吉林
blog.lynn6.cn,Lynn的小站,吉ICP备2021008578号,吉,吉林
xscnet.cn,Mete0r's Blog | 壹人小站,吉ICP备2025026551号,吉,吉林
aibofan.com,朝露碎梦,蜀ICP备12011864号,蜀,四川
panda995.xyz,熊猫不是猫,蜀ICP备2021028903号,蜀,四川
blog.ganxb2.com,廿壴(ganxb2)博客,蜀ICP备19026443号,蜀,四川
tdeh.top,老虎不吃人,蜀ICP备19007342号,蜀,四川
bytecho.net,字节星球,蜀ICP备20024203号,蜀,四川
blog.moej.cn,Sakura,蜀ICP备19025165号,蜀,四川
xcshare.site,xcshare,蜀ICP备2022005623号,蜀,四川
hsuyeung.com,Hsu Yeung 的博客,蜀ICP备2022013775号,蜀,四川
blog.laobinghu.top,烧瑚烙饼的自留地,蜀ICP备2025120814号,蜀,四川
lb5.net,小野博客,蜀ICP备2023011647号,蜀,四川
blog.antio2.cn,AntiO2's Blog,蜀ICP备2021028514号,蜀,四川
hadongzhu.com,哈冬猪的小站,蜀ICP备2022030350号,蜀,四川
whooc.com,风呼呼,蜀ICP备2023009589号,蜀,四川
pysio.online,熊猫的小窝,蜀ICP备2023021309号,蜀,四川
blog.zhwei101.com,ZHWEI's Blog,蜀ICP备2024103970号,蜀,四川
wubie.quanmwl.com,无别小站,蜀ICP备2021012700号,蜀,四川
aicsuk.net,Aicsuk の世界,蜀ICP备2022010555号,蜀,四川
diraw.top,Diraw‘s World,蜀ICP备2025147634号,蜀,四川
skylan.cc,清梦云熙,蜀ICP备2021032867号,蜀,四川
blog.adlamp.cn,ADLAMP,蜀ICP备2024077980号,蜀,四川
huiyex.top,灰叶的笔记,蜀ICP备18017133号,蜀,四川
vindo.cn,静观小窗,蜀ICP备2025161458号,蜀,四川
home.vindo.cn,间窗而语,蜀ICP备2025161458号,蜀,四川
obgnauh.com,黄博的个人网站,蜀ICP备18009936号,蜀,四川
likepoems.com,如诗,蜀ICP备2021012733号,蜀,四川
kaitaku.xyz,望月阁,津ICP备2022001375号,津,天津
echeverra.cn,echeverra,津ICP备18006010号,津,天津
blog.uuanqin.top,半方池水半方田,津ICP备2022002156号,津,天津
blog.zhecydn.asia,zhecydn的博客站,津ICP备2022009058号,津,天津
blog.luckyits.com,我想要两颗西柚,津ICP备18009311号,津,天津
lifengdi.com,李锋镝的博客,津ICP备2024022503号,津,天津
liunian.cc,流年社区,宁ICP备2024003137号,宁,宁夏
fec.xyz,浅浅夜色,宁ICP备2023000294号,宁,宁夏
longtao.fun,LongTao,皖ICP备2021013655号,皖,安徽
elliot98.top,Elliot's Blog,皖ICP备17020565号,皖,安徽
dorakika.cn,DORAKIKA,皖ICP备2022003488号,皖,安徽
docs.shanyuhai.top,飞跃高山与大洋的鱼,皖ICP备19002167号,皖,安徽
easyf12.top,一蓑烟雨的博客,皖ICP备2022014435号,皖,安徽
blog.dukefox.com,狐言,皖ICP备2022016919号,皖,安徽
daodaoshi.xyz,daodaoshi,皖ICP备2026013271号,皖,安徽
tylk.cc,LiKai Blog,皖ICP备20003780号,皖,安徽
ddw2019.com,Dongdong's Blog,皖ICP备2024036554号,皖,安徽
jjy2023.cn,云深知处,皖ICP备2024048783号,皖,安徽
blog.cancin.cn,参星阁,皖ICP备2023010407号,皖,安徽
blog.kpretty.tech,开源大数据驿站,皖ICP备2021011556号,皖,安徽
blog.boranstars.top,星空之下,皖ICP备2024047915号,皖,安徽
apurer.cn,年月小筑,皖ICP备2024067873号,皖,安徽
blog.sdsml.top,思迈时光,皖ICP备15016037号,皖,安徽
java78.com,林三的日常,皖ICP备17013878号,皖,安徽
nkmon.com,南柯一梦,皖ICP备2020017065号,皖,安徽
xancel.top,xancel的自留地,皖ICP备2025078885号,皖,安徽
rainview.net,语景小站,皖ICP备2025102228号,皖,安徽
kp-z.github.io,Zkpeace,鲁ICP备20008114号,鲁,山东
lifeni.life,记录干杯,鲁ICP备19006085号,鲁,山东
blog.sky390.cn,Skykguj 的博客,鲁ICP备2021005821号,鲁,山东
imbailey.cn,Bailey's Blog,鲁ICP备2024110354号,鲁,山东
astrophel.top,Astrophel's Blog,鲁ICP备2021035787号,鲁,山东
zrs.xyz,自然数的小宇宙,鲁ICP备15003850号,鲁,山东
jssolo.com,技术 SOLO,鲁ICP备17056114号,鲁,山东
97772.top,苏清明的摆烂空间,鲁ICP备2022012000号,鲁,山东
freejishu.com,freejishu 的美丽世界,鲁ICP备15011388号,鲁,山东
wxbuluo.com,WX部落,鲁ICP备15005397号,鲁,山东
blog.starchen.top,星辰博客,鲁ICP备2023042661号,鲁,山东
loneapex.cn,Mimosa的小屋,鲁ICP备2022034633号,鲁,山东
ihaihe.cn,三十里海河,鲁ICP备2024103479号,鲁,山东
blog.jombarry.online,JomBarry,鲁ICP备2022022764号,鲁,山东
blog.shenghuo2.top,shenghuo2's Blog,鲁ICP备2021005646号,鲁,山东
zla.pub,ZLA 小站,鲁ICP备19057855号,鲁,山东
devdeg.com,开发角度,鲁ICP备2022028488号,鲁,山东
blog.ninc.top,呢喃Ninc-blog,鲁ICP备2025156182号,鲁,山东
vluv.space,GnixAij,鲁ICP备2025183116号,鲁,山东
blog.kaiqi.wang,云晓晨 KaiQi.Wang,鲁ICP备2024099123号,鲁,山东
ghostchu.com,Ghost_chu's Blog,鲁ICP备2021041924号,鲁,山东
blog.sky233.top,YaloisBlog,鲁ICP备2024075934号,鲁,山东
hejunjie.life,星河避难所,鲁ICP备2025143078号,鲁,山东
blog.sotkg.com,Mikuの极光星,鲁ICP备2024102866号,鲁,山东
yourlai.com,RINTH[X] Terminal,鲁ICP备2025143497号,鲁,山东
hmily.ren,Hmily,鲁ICP备2024124312号,鲁,山东
yucol.top,乖乖龙地冬,鲁ICP备2026009450号,鲁,山东
linxii.top,linxii的blog,鲁ICP备2026004663号,鲁,山东
ficor.net,荒野菲克,鲁ICP备2026003689号,鲁,山东
uctb.cn,云峥博客-让灵感成真，让想法实现。,鲁ICP备2024127831号,鲁,山东
shiyin.cafe,时隐重工,鲁ICP备2025149393号,鲁,山东
blog.mocn.top,莫莫逗狗,晋ICP备2023017547号,晋,山西
yfzhu.cn,Zhu's Blog,晋ICP备2023015402号,晋,山西
malei.net,三石笔记,晋ICP备15001252号,晋,山西
blog.aiheadn.cn,a.d博客,晋ICP备2021006777号,晋,山西
umb.ink,伞菌的博客,晋ICP备2021016998号,晋,山西
anye.xyz,Anyeの小站,晋ICP备2022006639号,晋,山西
indulgeback.github.io,IndulgeBack,晋ICP备2023025256号,晋,山西
whbbit.cn,月空人,晋ICP备2020011938号,晋,山西
vespeng.com,Vespeng Space,晋ICP备2026003077号,晋,山西
gwy.fun,Guoweiyi,晋ICP备19001447号,晋,山西
blog.dhbxs.top,灯火不休时,晋ICP备2021007495号,晋,山西
mrskye.cn,SkYe's Blog,粤ICP备20056619号,粤,广东
blog.hzchu.top,Thun888,粤ICP备2025382466号,粤,广东
blog.lxscloud.top,Savant's Blog,粤ICP备2021046724号,粤,广东
rsnocsi.cn,Abyss-博客,粤ICP备2025432639号,粤,广东
hiwannz.com,见字如面,粤ICP备20004648号,粤,广东
aloner.ink,如约而至,粤ICP备2021085950号,粤,广东
blog.luvying.com,Ying,粤ICP备20027164号,粤,广东
shimmerl.top,haohang,粤ICP备2020100220号,粤,广东
ameow.xyz,阿猫的博客,粤ICP备19129275号,粤,广东
jerrydodo.com,JerryDodo 私日记,粤ICP备2021145967号,粤,广东
miaoer.net,喵二の小博客,粤ICP备2021127881号,粤,广东
meuicat.com,爱吃肉的猫,粤ICP备2022035648号,粤,广东
liuyude.com,慧行说,粤ICP备15016040号,粤,广东
fs1m.com,浮生一梦,粤ICP备2023074775号,粤,广东
blog.gumengyo.top,顾梦,粤ICP备2024161578号,粤,广东
blog.lumirant.top, Lumirant's Blog,粤ICP备2026019133号,粤,广东
gmcllp.cn,关关和六六,粤ICP备19036166号,粤,广东
beni.pub,夜象后花园,粤ICP备19016060号,粤,广东
baiwumm.com,浮生半页,粤ICP备2023007649号,粤,广东
detechn.com,DeTechn Blog,粤ICP备15008574号,粤,广东
soogf.com,壮志凌云,粤ICP备15087582号,粤,广东
chenzhen.space,ChenZhen的博客,粤ICP备2022122083号,粤,广东
jinjun.top,钧言极客,粤ICP备16101751号,粤,广东
darksheep.xyz,"darksheep的小站",粤ICP备2020102011号,粤,广东
jikehou.cn,极客猴,粤ICP备2025423243号,粤,广东
zxs.me,仲小树,粤ICP备16022322号,粤,广东
chrisfu.cn,凉月十七,粤ICP备2024236063号,粤,广东
liangbm3.site,liangbm3's blog,粤ICP备2025435169号,粤,广东
xn--yetq47i.top,小路文章-博客,粤ICP备2021176125号,粤,广东
kwokronny.com,超能郭工,粤ICP备2022081486号,粤,广东
note.noxussj.top,菜园前端,粤ICP备18127147号,粤,广东
blog.kimbell.top,kimbell`s blog,粤ICP备2024250482号,粤,广东
xizi.live,洗子の小窝,粤ICP备2022146502号,粤,广东
blog.glumi.cn,陈陈菌博客,粤ICP备2021139248号,粤,广东
t-t.live,团团生活志,粤ICP备2021140731号,粤,广东
lafoyer.com,栖梦集,粤ICP备2024339417号,粤,广东
sizau.com,时舟,粤ICP备2021012393号,粤,广东
11ao.cn,十一奥秘,粤ICP备2025489544号,粤,广东
deepwhitex.com,雾色对白的地球 Online,粤ICP备2025426509号,粤,广东
moshanghua.net,花开陌上,桂ICP备17003522号,桂,广西
nuyoahbk.com,Rhys Wang's Blog,桂ICP备2021006414号,桂,广西
rl1.cc,我在人间贩卖黄昏,桂ICP备2022011215号,桂,广西
blog.jkl.asia,极客郎,桂ICP备2025067299号,桂,广西
shansan.top,ShanSan,桂ICP备19000444号,桂,广西
blog.zyxm.top,小森森博客,桂ICP备17010124号,桂,广西
milu.ink,"米露小窝",桂ICP备2021003667号,桂,广西
blog.opeach.cn,HiPeach - 月波微澜,桂ICP备2023000849号,桂,广西
blog.impressionyang.top,impressionyang的个人博客,桂ICP备20005802号,桂,广西
kiko2568.top,方知有,桂ICP备2024029447号,桂,广西
memxb.top,默小班,桂ICP备2025052852号,桂,广西
yurik.cafe,景蓝的小屋,桂ICP备2025057334号,桂,广西
blog.cuteleaf.cn,夏夜流萤,桂ICP备20005240号,桂,广西
blog.xioxix.com,Timo在此Blog,桂ICP备2021008710号,桂,广西
arcwolf.top,Arcwolf Blog,桂ICP备2026000030号,桂,广西
blog.gbfun.cc,GB的记事簿,桂ICP备2025067806号,桂,广西
err0r.top,Err0r,苏ICP备20028116号,苏,江苏
fairysen.com,雾时之森,苏ICP备20024928号,苏,江苏
blog.cpen.top,Mycpen,苏ICP备2020069048号,苏,江苏
bolg.wuenci.wang,武恩赐博客,苏ICP备2020059348号,苏,江苏
blog.luzy.top,江风引雨の小站,苏ICP备2021054922号,苏,江苏
safe.cafe,Safé.Café - 安全咖,苏ICP备2025188612号,苏,江苏
ichika.cc,ichika の小窝,苏ICP备2022040728号,苏,江苏
siax.cn,Siax's Blog,苏ICP备2020069297号,苏,江苏
suemor.com,Suemor's Blog,苏ICP备2022019400号,苏,江苏
blog.kevinchu.top, KEVIN'S BLOG,苏ICP备2021007974号,苏,江苏
yunyoujun.cn,云游君的小站,苏ICP备17038157号,苏,江苏
srebro.cn,运维小弟,苏ICP备17042985号,苏,江苏
pwsz.com,品味苏州,苏ICP备2021039569号,苏,江苏
xrbk.cn,新锐博客,苏ICP备2024091362号,苏,江苏
zair.top,逐水寻源,苏ICP备2024067500号,苏,江苏
blog.truebigsand.top,真-大沙子的博客,苏ICP备2025220910号,苏,江苏
xkj.93665.xin,心科技圈,苏ICP备17071546号,苏,江苏
starlinglin.top,StarlingLin的博客,苏ICP备2024128760号,苏,江苏
blog.peiluming.com,裴先生笔记,苏ICP备2021005012号,苏,江苏
cuixinxin.cn,卖坚果的怪叔叔,苏ICP备18048410号,苏,江苏
4ading.com,阿啊阿吖丁 - 丁俊尧的个人网站,苏ICP备19053978号,苏,江苏
seandictionary.top,SeanDictionary | 折腾日记,苏ICP备2024130296号,苏,江苏
qijieya.cn,祈杰のblog,苏ICP备2025160197号,苏,江苏
blog.keaeye.fun,Keaeye's Blog,苏ICP备2025176849号,苏,江苏
zhouwenzhe.com,云深不知处,苏ICP备2025178919号,苏,江苏
blog.jackeylea.com,食铁兽,苏ICP备20017687号,苏,江苏
ztgdblog.icu,ZTGD,苏ICP备2024141506号,苏,江苏
yxbug.ren,YUEXIABUG,苏ICP备2022023583号,苏,江苏
zihan.show,李梓菡	,苏ICP备2024119294号,苏,江苏
chenhe.me,晨鹤部落格,苏ICP备13009212号,苏,江苏
blog.canmoe.com,璨梦踏月の小窝,苏ICP备2026000659号,苏,江苏
kissthisrain.cn,kissthisrain,苏ICP备2024125779号,苏,江苏
misakamoe.com,御坂の地下室,赣ICP备20009376号,赣,江西
bkryofu.cn,无梦梦游记 ,赣ICP备2025070684号,赣,江西
nickx.cn,Nick 的技术博客,赣ICP备20003373号,赣,江西
blog.mariozzj.cn,MarioZZJ's blog,赣ICP备20002056号,赣,江西
blog.isww.cn,奇异维度,赣ICP备17005539号,赣,江西
mnchen.cn,前尘小筑,赣ICP备2023014137号,赣,江西
yanghuaxing.com,小杨生活志,赣ICP备2023003137号,赣,江西
itylq.com,IT摇篮曲,赣ICP备20006553号,赣,江西
diyun.site,狄云的所思所想,赣ICP备2021009920号,赣,江西
blog.alayedong.cn,Alaye的小屋,赣ICP备2025053598号,赣,江西
blog.imxizhen.cn,imxizhen,赣ICP备2026001554号,赣,江西
kzhik.cn,kzhik's website,赣ICP备2025064215号,赣,江西
zhx-blog.top,小石崽的小窝,赣ICP备2025070463号,赣,江西
blog.yunshu.site,YunShu'Blog,冀ICP备2020029697号,冀,河北
blog.y1yan.com,依言の小博客,冀ICP备2025101912号,冀,河北
blog.imzy.ink,墨泽,冀ICP备2022007208号,冀,河北
bangkaixin.com,帮开心,冀ICP备18015072号,冀,河北
9sb.net,记录生活，精彩一刻,冀ICP备2021025767号,冀,河北
opw.cc,O泡,冀ICP备2023028309号,冀,河北
blog.inekoxia.com,九夏小站,冀ICP备2022002828号,冀,河北
yvii.cn,乙未极客,冀ICP备2020020976号,冀,河北
blog.clearligh.top,自僱落葉竟痴迷,冀ICP备2023029761号,冀,河北
wangjiezhe.com,如鱼饮水 冷暖自知,冀ICP备2024063721号,冀,河北
luanshiliunian.cn,小张deblog,冀ICP备2025112695号,冀,河北
lu1104.cn,lu笔记,冀ICP备2024076669号,冀,河北
notes.smallbamboo.cn,小竹の笔记本,冀ICP备2023024410号,冀,河北
blog.imysen.com,Yunsen的小窝,冀ICP备2024076432号,冀,河北
wyjmew.cn,王一君Mew,冀ICP备2025136353号,冀,河北
hilxy.com,行迹小栈,冀ICP备2024085867号,冀,河北
ajinol.com,阿锦在线,冀ICP备12018922号,冀,河北
cn059.com,CN059的技术博客,冀ICP备2024091441号,冀,河北
mnzn.me,Mnzn の 小屋,冀ICP备2025111902号,冀,河北
treemoe.cn,树萌,冀ICP备2026001893号,冀,河北
boyoung.top,山雀与理想三旬,冀ICP备2024052344号,冀,河北
ljscope.top,长生风月,冀ICP备2024052825号,冀,河北
blog.kayro.cn,敖苛记,冀ICP备2026002497号,冀,河北
blog.ai-nous.com,PankitGG个人博客,冀ICP备2025124630号,冀,河北
qs100371.top,折腾日记,冀ICP备2025138483号,冀,河北
magma.ink,Magma Ink,豫ICP备2021021978号,豫,河南
timochan.cn,提莫酱的博客,豫ICP备2020036609号,豫,河南
imut.xyz,DaPeng's Blog,豫ICP备19017431号,豫,河南
zhengqiao.wang,王政乔,豫ICP备18045451号,豫,河南
blog.meta-code.top,百里飞洋の小世界,豫ICP备2021034491号,豫,河南
yurenyiyuji.top,愚人呓语集,豫ICP备2023030152号,豫,河南
hxy.cc,韩情脉脉,豫ICP备2025136278号,豫,河南
blog.imsyy.top,無名小栈,豫ICP备2022018134号,豫,河南
yunxge.cn,阿云的宝库,豫ICP备2023035599号,豫,河南
xingbianren.cn,刑辩人在路上,豫ICP备2023012159号,豫,河南
ccgxk.com,串串狗 xk,豫ICP备2021007738号,豫,河南
blog.bsgun.cn,梦爱吃鱼,豫ICP备20017009号,豫,河南
chenxutalk.top,Chenxu's Blog,豫ICP备2023015056号,豫,河南
wanghanyue.com,寒星皓月,豫ICP备2022024268号,豫,河南
boiltask.com,BoilTask Blog,豫ICP备15024677号,豫,河南
xiaonie.me,小聂的窝,豫ICP备2024075628号,豫,河南
oatse.com,茨见手扎,豫ICP备2025120116号,豫,河南
blog.sakurasen.cn,森语,豫ICP备2024071946号,豫,河南
blog.aulypc0x0.online,AULyPc の Blog,豫ICP备2024082600号,豫,河南
blog.srprolin.top,SrP-BloG,豫ICP备2025140316号,豫,河南
xiaoten.com,小十的个人博客,豫ICP备19014473号,豫,河南
xiaohuihui.cc,小灰灰的世界,豫ICP备15020795号,豫,河南
lik.cc,林间拾语,豫ICP备2024104753号,豫,河南
elisky.cn,云野开源志,豫ICP备2023016691号,豫,河南
rainafter.cn,雨后初晴社,豫ICP备19036546号,豫,河南
blog.ziyege.com,子夜歌,豫ICP备2024099311号,豫,河南
blog.6yfz.cn,LiuYun,浙ICP备20012672号,浙,浙江
ilovey.live,低调小熊猫,浙ICP备18057116号,浙,浙江
xuanzhi33.cn,"xuanzhi33的小站",浙ICP备2023001542号,浙,浙江
blog.ljcbaby.top,Ljcbaby 的 网络小屋,浙ICP备20008309号,浙,浙江
amazingk.cn,K'Blog,浙ICP备2021009553号,浙,浙江
szx.life,巷子深的生活,浙ICP备2021021402号,浙,浙江
226yzy.com,星空下的 YZY,浙ICP备2021019852号,浙,浙江
wiki.eryajf.net,二丫讲梵,浙ICP备18057030号,浙,浙江
wangyunzi.com,长街短梦,浙ICP备2022025879号,浙,浙江
xiaolii.com,小理的小窝,浙ICP备2022037437号,浙,浙江
totoro.site,totoro & home,浙ICP备2022014596号,浙,浙江
jdjwzx233.cn,jdjwzx233-blog,浙ICP备2023000448号,浙,浙江
bikari.top,微光档案,浙ICP备2024064887号,浙,浙江
blog.ceobe.cn,Ceobe's Fungimist,浙ICP备20026372号,浙,浙江
blog.ymbit.cn,YanMoBlog,浙ICP备2024084850号,浙,浙江
pinaland.cn,晴空树,浙ICP备2024064802号,浙,浙江
blog.horonlee.com,皓然小站,浙ICP备2023037163号,浙,浙江
blog.yiming1234.cn,Yiming的personal博客,浙ICP备2023040885号,浙,浙江
vichain.cn,voskva,浙ICP备2024138236号,浙,浙江
taurusxin.com,TaurusXin 的独立博客,浙ICP备2022025362号,浙,浙江
fuxes.cn,fuXes的浮生闲话,浙ICP备2022006283号,浙,浙江
dyzmj.top,3247号监听站,浙ICP备2021034867号,浙,浙江
gcoulu.cn,"菰城鸥鹭的大学之道",浙ICP备2024129417号,浙,浙江
blog.colix.cn,Q的小站,浙ICP备2024107185号,浙,浙江
styunlen.cn,九仞之行,浙ICP备20004752号,浙,浙江
blog.dimeta.top,砂纸の小屋,浙ICP备2025156950号,浙,浙江
blog.mcxiaochen.top,辰渊尘の博客,浙ICP备2026011009号,浙,浙江
pyrzo.com,光 · 昭,浙ICP备2026002806号,浙,浙江
blog.stevezmt.top,老史尬侃,浙ICP备2025213066号,浙,浙江
thjiang.com,雨浣潇湘,浙ICP备18020999号,浙,浙江
saneko.me,Saneko,浙ICP备2024096834号,浙,浙江
blog.cmyr.ltd,草梅友仁的博客,浙ICP备18041571号,浙,浙江
mengxiblog.top,朱先森的笔记,浙ICP备2021030172号,浙,浙江
blog.icybit.cn,IcyBlog,琼ICP备2024028360号,琼,海南
moeyao.cn,云海花瑶,琼ICP备2020003689号,琼,海南
vaultattic.cn,滕王阁,琼ICP备2024029956号,琼,海南
htmacg.cn,墨韵先知,琼ICP备2024037487号,琼,海南
shifeiyu.cn,是飞鱼Blog,琼ICP备2024044305号,琼,海南
yhalo.cn,YHalo's Blog,琼ICP备2025063547号,琼,海南
liaochenlanruo.fun,了尘兰若的小坑,鄂ICP备2021021941号,鄂,湖北
manshaoco.com,喃小柯站,鄂ICP备2022008015号,鄂,湖北
hovthen.com,万里淘知,鄂ICP备2020016819号,鄂,湖北
itbob.cn,BOB'S BLOG,鄂ICP备19003281号,鄂,湖北
gmoe.cc,咕萌小窝,鄂ICP备2023011591号,鄂,湖北
blog.lovelu.top,满心,鄂ICP备2022011660号,鄂,湖北
tyrantg.com,心智备份,鄂ICP备20000148号,鄂,湖北
blog.cuger.cn,Dorad's Life,鄂ICP备17000664号,鄂,湖北
zouht.com,颢天图文,鄂ICP备2021010296号,鄂,湖北
blog.zzppjj.top,章工运维,鄂ICP备2024072800号,鄂,湖北
blog.xiaoda.fun,zd小达's blog,鄂ICP备2024063305号,鄂,湖北
lilu.org.cn,llnancy 的主页,鄂ICP备2021000956号,鄂,湖北
blog.180280.xyz,夜轻Blog,鄂ICP备2026013078号,鄂,湖北
xiaoa.me,半日闲,鄂ICP备11008151号,鄂,湖北
blog.tigerxly.com,FANTASY,鄂ICP备20008559号,鄂,湖北
furryowo.top,布丁の小窝,鄂ICP备2024064794号,鄂,湖北
emohe.cn,阿涛の小破站,鄂ICP备2024037667号,鄂,湖北
blog.nas666.com,NAS666的Blog,鄂ICP备19008950号,鄂,湖北
docset.vip,阿Q的博客,鄂ICP备2022000729号,鄂,湖北
finley.top,Finley,鄂ICP备2024059808号,鄂,湖北
woyioii.cn,沃以的小站,鄂ICP备2024073383号,鄂,湖北
blog.zhipro.com,求知学习社,鄂ICP备2026022145号,鄂,湖北
yisibuwang.top,不旺の博客,鄂ICP备2024086555号,鄂,湖北
blog.hakochest.cn,HakoChest's Blog,鄂ICP备2025094838号,鄂,湖北
summerpond.cn,夏日鱼塘,湘ICP备20014445号,湘,湖南
zlinblog.cn,Zlin'Blog,湘ICP备19027047号,湘,湖南
xding.top,小丁的博客,湘ICP备2023029413号,湘,湖南
helywin.com,封楚寒的空中花园,湘ICP备2022017766号,湘,湖南
grbj.cn,广然笔记,湘ICP备19016271号,湘,湖南
sxrekord.com,Rekord's Blog,湘ICP备2021007111号,湘,湖南
ffnb.top,HOMIE 笔记,湘ICP备2022002808号,湘,湖南
xiyo8.cn,XiYo 吧,湘ICP备15018151号,湘,湖南
moraex.com,MORA 博客,湘ICP备2022001249号,湘,湖南
zimoou.com,子墨云溪,湘ICP备2022016241号,湘,湖南
blog.june-pj.cn,June's Blog,湘ICP备2023003198号,湘,湖南
mozixi.com,陌子夕生活记,湘ICP备2022016241号,湘,湖南
amjun.com,阿蛮君博客,湘ICP备2023001393号,湘,湖南
puresky.top,轻雅阁,湘ICP备2024041792号,湘,湖南
blog.hehouhui.cn,Honesty的博客,湘ICP备20014902号,湘,湖南
pljzy.top,ZY知识库,湘ICP备2024053728号,湘,湖南
hetong-re4per.com, 瞳のBlog,湘ICP备2024062355号,湘,湖南
x8xx.cn,树洞笔记,湘ICP备2021014696号,湘,湖南
blog.fantasyke.cn,Fantasy`ke Blog,湘ICP备2025108771号,湘,湖南
kanokano.cn,MiniKano的小窝,湘ICP备20011733号,湘,湖南
uufog.com,悠雾日记,湘ICP备2024075858号,湘,湖南
blog.marshuni.fun,Marshuni's blog,湘ICP备2023000819号,湘,湖南
juniortree.com,小树的博客,湘ICP备2024077253号,湘,湖南
blog.zhoujump.club,粥粥个人博客,湘ICP备2025141796号,湘,湖南
dogeas.club,Golden Territory金色疆域,湘ICP备2025103418号,湘,湖南
hollowman.cn,胡勇的博客,湘ICP备19006572号,湘,湖南
libmbr.com,MBRjun-Blog,闽ICP备2025085162号,闽,福建
zqcnc.cn,ncc 的个人网站,闽ICP备2022002414号,闽,福建
jianchengwang.info,猫九大大のBlog,闽ICP备16000680号,闽,福建
xiaozonglin.cn,林林杂语,闽ICP备2023011626号,闽,福建
ariels.xyz,星路博客,闽ICP备2021002988号,闽,福建
moechun.fun,闪闪の小窝,闽ICP备2022004869号,闽,福建
blog.twelveeee.top,十二的编程笔记,闽ICP备20004781号,闽,福建
bfzw.top,并非正文,闽ICP备2023002639号,闽,福建
ski.ink,盐木的小破窝,闽ICP备2024070515号,闽,福建
zerowolf.cn,零狼 の 小窝,闽ICP备2024070515号,闽,福建
moexc.com,晓沉的小小博客,闽ICP备2021014548号,闽,福建
blog.hongsw.cn,补陋阁,闽ICP备2022000094号,闽,福建
programnotes.cn,编程笔记,闽ICP备16032016号,闽,福建
pamusi.com,帕姆斯,闽ICP备19020268号,闽,福建
linjhs.top,LinJHS个人小站,闽ICP备2026001196号,闽,福建
lybblog.cn,轻淡时光,闽ICP备2024035836号,闽,福建
windy.ink,轻风记,辽ICP备2022008387号,辽,辽宁
utopiaxc.cn,UtopiaXC,辽ICP备20006329号,辽,辽宁
lxnchan.cn,泠泫凝的异次元空间,辽ICP备19013963号,辽,辽宁
thyuu.com,风记星辰,辽ICP备2021004869号,辽,辽宁
dhkk.cn,大海看看,辽ICP备2021003813号,辽,辽宁
shimoko.com,Shimoko,辽ICP备2022011453号,辽,辽宁
taotaoiswjs.cn,晨风韵雨の博客,辽ICP备2023008379号,辽,辽宁
lapis.cafe,"时歌的博客",辽ICP备2023010881号,辽,辽宁
tbghg.top,TBH个人博客,辽ICP备2021007417号,辽,辽宁
xingwangzhe.fun,姓王者的博客,辽ICP备2024042064号,辽,辽宁
blog.chario.cn,枝语风笺,辽ICP备2025054261号,辽,辽宁
blog.goatpretty.com,Goatpretty‘s Blog,辽ICP备2026003509号,辽,辽宁
xiaoxi.ac.cn,小曦的园子,辽ICP备2025047478号,辽,辽宁
yuejiaxin.ln.cn,摸鱼干货栈,辽ICP备2025069110号,辽,辽宁
lml023.top,尖嘴钳子\_lyon 的记事本,渝ICP备2022000054号,渝,重庆
hin.cool,W4J1e's blog,渝ICP备2021002160号,渝,重庆
blog.zmonster.top,小怪兽,渝ICP备20003801号,渝,重庆
oyiso.cn,Oyiso's Blog,渝ICP备20008942号,渝,重庆
xudadi.com,许大地的个人网站,渝ICP备14003003号,渝,重庆
blog.jiumoz.com,九陌斋博客,渝ICP备2023008438号,渝,重庆
yzyyz.top,幼稚园园长,陕ICP备2020016014号,陕,陕西
blog.laugh12321.cn,Laugh,陕ICP备2021009739号,陕,陕西
onlytl.com,"OnlyTL",陕ICP备20008989号,陕,陕西
angine.tech,Angine's Blog,陕ICP备2024028520号,陕,陕西
blog.zhilu.cyou,纸鹿摸鱼处,陕ICP备2025082251号,陕,陕西
blog.liushen.fun,清羽飞扬,陕ICP备2024028531号,陕,陕西
blog.hikarilan.life,HikariLan's Blog,陕ICP备2020016655号,陕,陕西
blog.likesrt.com,"云深处",陕ICP备20002261号,陕,陕西
jellypro.cn,爱探索,陕ICP备2024037876号,陕,陕西
ppyia.com,噗派吖,陕ICP备2023004446号,陕,陕西
qladgk.com,qlAD的技术笔记,陕ICP备2024050194号,陕,陕西
owo.cab,zhxy-CN の 小窝,陕ICP备2025063787号,陕,陕西
qaqme.cn,林峰的技术博客,陕ICP备18016709号,陕,陕西
loliapi.com,"LoliAPI",黑ICP备2021003611号,黑,黑龙江
