id,name,tag
moechu.cn,萌豚 Moechu,"go,blog,life"
zqcnc.cn,ncc 的个人网站,"go,blog"
wznmickey.com,静静的小窝,"go,blog"
moshanghua.net,花开陌上,"go,blog"
lipk.org,执手对影成双,"go,blog,hybrid"
takuron.com,Passer,"go,blog,tech"
musenxi.com,夜庭記,"go,blog"
blog.luvying.com,Ying,"go,blog,tech"
addesp.com,ADD-SP‘s Blog,"go,blog"
blog.mhuig.top,MHuiG's Blog,"go,blog,hybrid"
blog.6yfz.cn,LiuYun,"go,blog,tech"
kissbaofish.cn,Oo 笑容太甜 oO,"go,blog,life"
blog.fkun.tech,F 君的博客,"blog,life"
blog.chrxw.com,Chr\_小屋,"go,blog,tech"
tabirstrees.top,tabris 的遥远星系,"go,blog,hybrid"
kp-z.github.io,Zkpeace,"go,blog,hybrid"
ilovey.live,低调小熊猫,"go,blog"
chirmyram.top,七米蓝,"blog,hybrid"
fx7.top,人家故里,"blog,tech"
fushaolei.github.io,琼西往事,"go,blog,tech"
iktao.cn,TAOG's Blog,"go,blog,hybrid"
dusays.com,杜老师说,"blog,tech"
blog.tengfei.website,TF 的博客,"go,blog,life"
colsrch.cn,Colsrch'Blog,"blog,tech"
azusemisa.top,Islauso の树洞,"go,blog,life"
shoka.lostyu.me,優萌初華,"blog,tech"
zigzagk.top,ZigZagK 的博客,"go,blog,tech"
blog.borber.top,BORBER,"go,blog,tech"
timochan.cn,提莫酱的博客,"go,blog"
summerpond.cn,夏日鱼塘,"go,blog"
blog.fivezha.cn,异国迷宫的十字路口,"go,blog,tech"
yrian.top,Yrian's Blog,"go,blog,tech"
bluesdawn.top,BD 的小窝,"go,blog,tech"
blog.luzy.top,江风引雨の小站,"go,blog,tech"
blog.haojin.li,Declan's Blog,"go,blog,hybrid"
blog.yunshu.site,YunShu'Blog,"go,blog,tech"
ishya.top,UTOPIA,"go,blog"
libmbr.com,MBRjun-Blog,"go,blog,tech"
blog.xcnya.cn,libxcnya.so の Blog,"go,blog,tech,life"
feidaoboke.com,飞刀博客,"go,blog"
jianchengwang.info,猫九大大のBlog,"go,blog"
7bxing.com,qinxs 小站,"go,blog"
vinking.top,Vinking 的小站,"go,blog"
fang.blog.miri.site,阿方的博客,"go,blog"
hiwannz.com,见字如面,"go,blog"
zlinblog.cn,Zlin'Blog,"go,blog"
blog.tdrme.cn,听得入迷空间,"go,normal"
blog.tomys.top,TomyJan 的博客,"go,blog"
blog.nekomoyi.com,MoYi's Blog,go
imszz.com,林中小屋,"go,blog,tech"
hin.cool,W4J1e's blog,"go,blog"
windy.ink,轻风记,"go,blog"
blog.weidows.tech,⭐️Weidows の Nest⭐️,"go,blog"
magma.ink,Magma Ink,"blog,tech"
yzyyz.top,幼稚园园长,"blog,life"
blog.xecades.xyz,Xecades's Blog,"go,blog,hybrid"
extlight.com,月光中的污点,"go,blog,tech"
loliloli.moe,萌！萝莉,"go,blog,hybrid"
blog.7wate.com,7WATE`S Blog,"go,blog"
misakamoe.com,御坂の地下室,"go,blog,tech"
moleft.cn,MoLeft's Blog,"go,blog,tech"
blog.moeworld.tech,空域,"blog,life"
irr.ink,不可方思,"go,blog,tech"
blog.ljcbaby.top,Ljcbaby 的 网络小屋,"go,blog,hybrid"
foolishfox.cn,Fox Home,"go,blog,tech"
zouht.com,颢天图文,"go,blog,hybrid"
shuiao.top,水嗷博客,"go,blog,hybrid"
rsnocsi.cn,Abyss-博客,"go,blog,hybrid"
debuginn.com,Debug 客栈,"go,blog,tech"
blog.southfox.me,Foxhole,"go,blog,hybrid"
imcys.com,萌新杰少の秘密基地,"go,blog,tech"
xiwangly.com,希望的博客,"go,blog,tech"
blog.itsse.cn,WishMeLz,"go,blog,tech"
itpours.com,新加卷的小宇宙,"go,blog,hybrid"
kirito.info,kirito41dd's blog,"go,blog,tech"
blog.imzy.ink,墨泽,"go,blog,tech"
blog.snowy.moe,雪萌天文台,"go,blog,life"
uyoahz.cn,演员 UyoAhz,"go,blog,hybrid"
iamazing.cn,惜时如命,"go,blog,hybrid"
blog.revincx.icu,Revincx 的小破站,"go,blog,hybrid"
blog.badapple.pro,东方幻梦,"go,blog"
ariels.xyz,星路博客,"go,blog,tech"
amazingk.cn,K'Blog,"go,blog,hybrid"
blog.gzti.me,GZTime's Blog,"go,blog,hybrid"
ihkk.net,HKK's Diary,"go,blog,hybrid"
zhw150.top,开心果,"blog,life"
imcbc.cn,BBing's Blog,"go,blog,tech"
lewky.cn,雨临 Lewis 的博客,"go,blog,hybrid"
cxl2020mc.top,陈鑫磊的博客,"go,blog,hybrid"
bkryofu.cn,无梦梦游记 ,"go,blog,life"
xiaolii.com,小理的小窝,"go,blog,hybrid"
996workers.org,996Workers.org,"go,normal"
jokerdig.top,"Hey,Joker","go,blog,tech"
chenmx.net,晓果冻,"go,blog,tech"
wiki.eryajf.net,二丫讲梵,"go,blog,tech"
totoro.site,totoro & home,"go,blog,tech"
blog.hzchu.top,Thun888,"blog,life"
blog.skihome.xyz,Sakitami 的集装箱,"go,blog,tech"
cairbin.top,CairBin's Blog,"go,blog,tech"
blog.lxscloud.top,Savant's Blog,"go,blog,tech"
rssblog.cn,RSSBlog,"go,blog,hybrid"
guirlan.de,小岚的杂物间,"go,blog,tech"
utopiaxc.cn,UtopiaXC,"go,blog,hybrid"
xiaozonglin.cn,林林杂语,"blog,life"
chenxublog.com,晨旭的博客,"go,blog,tech"
longtao.fun,LongTao,go
blog.dlya.top,Guangsudalao's blog,"go,blog,tech"
blog.moe233.net,冰橘の小窝,"go,blog"
mishi23.com,迷失博客,"go,blog,site"
szx.life,巷子深的生活,"go,blog,hybrid"
wrans.top,时过境迁 Wayne 博客,"go,blog,tech"
blog.gd1214b.icu,gd1214b's blog,"go,blog,tech"
thyuu.com,风记星辰,"go,blog,life"
baipin.pw,百品工作室,"go,blog,life"
blog.pai233.top,pai233 の小窝,go
xding.top,小丁的博客,"blog,hybrid"
blog.brackrat.com,波西 BrackRat 的博客,go
manshaoco.com,喃小柯站,"go,blog,hybrid"
aloner.ink,如约而至,"go,blog,life"
imba97.com,imba久期的博客,"go,blog,tech"
fairysen.com,雾时之森,go
frytea.com,煎茶,"go,blog,tech"
blog.sky390.cn,Skykguj 的博客,go
icodeq.com,Zkeq の Coding 日志,"go,blog,tech"
ll.sc.cn,雷雷屋头,"go,blog,hybrid"
wanghanyue.com,寒星皓月,"go,blog"
miaoer.net,喵二の小博客,"blog,tech"
liaochenlanruo.fun,了尘兰若的小坑,"go,blog,hybrid"
masle.top,老哲的小客栈,"go,blog,hybrid"
blog.dylanwu.space,瓠樽,"go,blog"
nickx.cn,Nick 的技术博客,"go,blog"
9sb.net,记录生活，精彩一刻,go
imcao.cn,ImCaO‘s Blog,"go,blog,hybrid"
dorakika.cn,DORAKIKA,"go,blog"
irithys.com,山茶花舍,"go,blog"
oplog.cn,啊不都,"go,blog"
blog.isww.cn,奇异维度,"blog,tech"
blog.orangii.cn,一只橙梓一个窝,"blog,life"
226yzy.com,星空下的 YZY,"blog,life"
itxcjm.top,新城旧梦,"go,blog,tech"
imcharon.com,小 N 同学,"go,blog,tech"
xyzbz.cn,网友小宋,"blog,life"
aibofan.com,朝露碎梦,"blog,tech"
jerrydodo.com,JerryDodo 私日记,"go,blog,life"
dvel.me,Dvel's Blog,"go,blog"
kumosya.top,云藉のBlog,"go,blog,life"
zblogs.top,Justin 写字的地方,"go,blog,hybrid"
blog.starysky.top,USTC-茶糜花开,"go,blog,hybrid"
astrophel.top,Astrophel's Blog,"go,blog,hybrid"
stvue.com,芸熙の小屋,"blog,hybrid"
lxnchan.cn,泠泫凝的异次元空间,"go,blog,tech"
easyf12.top,一蓑烟雨的博客,"blog,life"
zyglq.cn,资源管理器博客,"blog,tech"
blog.chyk.ink,千雪的咖啡厅,"go,blog,tech"
moi-mo.github.io,mes ames,"go,blog,life"
ygxz.in,一个小站,go
shimmerl.top,haohang,"go,blog"
blog.qaiu.top,QAIU's blog,"go,blog"
nicejf.cn,井犯博客,"blog,life"
wyxogo.top,Yuexin's Blog,"blog,tech"
ykuee.link,Ykuee 的博客,"blog,tech"
blog.zhheo.com,张洪 Heo,"go,blog,tech"
mm.yaomomo.com,沐深的 Blog,"go,blog,tech"
grbj.cn,广然笔记,go
blog.wututu.cn,wututu の blog,"go,blog"
data-era.cn,羁鸟博客,"blog,life"
imut.xyz,DaPeng's Blog,go
xxp.one,xxp'blog,"go,blog,life"
blog.rick.icu,rick の blog,"go,blog,tech"
nancc.com,南生余,"go,blog"
xdull.cn,CodeTime,"blog,tech"
blognas.hwb0307.com,浮云翩迁之间,"blog,tech"
blog.kobin.cn,Kobin 技术随笔,"blog,tech"
panda995.xyz,熊猫不是猫,"go,blog"
bytecho.net,字节星球,"blog,tech"
mojinxi.cn,竹春廿柒,"go,blog,life"
xiaoxinblog.xyz,小新的博客,"go,blog,hybrid"
blog.meta-code.top,百里飞洋の小世界,"blog,tech"
7gugu.com,7gugu's Blog,"go,blog,life"
blog.leonus.cn,Leonus,"blog,hybrid"
champhoon.xyz,澄沨的漫游茶记,"blog,life"
moechun.fun,闪闪の小窝,"go,blog,hybrid"
sxrekord.com,Rekord's Blog,"blog,tech"
gabrielxd.com,ガヴのサイト,"go,blog,tech"
myblog.wallleap.cn,wallleap,"blog,tech"
blog.xlenco.top,Xlenco の小窝,go
ordchaos.com,序炁的博客,"go,blog"
yuanzj.top,圆周率的博客,"go,blog,hybrid"
moreality.net,Moreality's Blog,"blog,life"
pkold.com,强曰为道,"go,blog,tech"
blog.xsnet.eu.org,SinGO 博客,go
blog.yaria.top,Ariasakaの小窝,"go,blog"
blog.aqcoder.cn,枫叶,"go,blog"
wangyunzi.com,长街短梦,"blog,life"
ameow.xyz,阿猫的博客,"blog,tech"
blog.anheyu.com,安知鱼,go
x8xx.cn,树洞笔记,"blog,hybrid"
iftft.com,方糖,go
blog.cpen.top,Mycpen,"go,blog"
luodeb.top,今天是晴天,"go,blog,tech"
kqh.me,赫赫文王,"go,blog"
kenshin2438.top,Kenshin2438 の Blog,go
tonyyin.top,TonyYin's Blog,"go,blog"
lihaoyu.cn,晓雨杂记,"go,blog,hybrid"
axm.moe,Another,go
acchw.top,知秋,"blog,tech"
zhengwenfeng.com,郑文峰的博客,go
itbob.cn,BOB'S BLOG,"go,blog"
dao.js.cn,懋和道人,"blog,life"
blog.lovelu.top,满心,"go,blog"
blog.mariozzj.cn,MarioZZJ's blog,"go,blog"
aurora.love,misaka10201 的站,go
blog.moew.xyz,听寒's blog,"go,blog,tech"
yanghuaxing.com,小杨生活志,"blog,life"
blog.ganxb2.com,廿壴(ganxb2)博客,"go,blog"
iots.vip,Alliot's blog,"go,blog"
diary.bid,Diary of LX,"blog,life"
qvp.moe,qvp 萌,go
blog.goodboyboy.top,GoodBoyboy 's Blog,"go,blog"
xrpyq.com,小朊的朋友圈,"blog,tech"
blog.rickyxrc.cc,Rickyxrc 的博客,go
rqdmap.top,rqdmap,"go,blog"
muidar.com,Muidar's Site,"go,blog,hybrid"
kaitaku.xyz,望月阁,"blog,tech"
amber6hua.github.io,六花丶紫,go
codeqihan.com,codeqihan的博客,"go,blog,hybrid"
iamdt.cn,冬天的小窝,go
xiangming.site,湘铭呀！,"go,blog"
echeverra.cn,echeverra,"go,blog"
hsuyeung.com,Hsu Yeung 的博客,"blog,life"
blog.musnow.top,慕雪的寒舍,"go,blog"
blog.mocn.top,莫莫逗狗,"go,blog"
shape.kloudy.cn,Kloudy Shape,"blog,tech"
zywvvd.com,又见苍岚,"blog,tech"
louisfiy.com,语冰,go
blog.xiaoda.fun,zd小达's blog,go
bugcoder.asia,写 bug 的代码人,"blog,tech"
okace.cn,Windsky's Blog,go
blog.lvbyte.top,字节君的思想宇宙,go
202271.xyz,醉里博客,"go,blog"
ichika.cc,ichika の小窝,"go,blog"
blog.jerryz.com.cn,Jerry Zhou 的个人博客,"blog,tech"
suemor.com,Suemor's Blog,go
blog.jiyu134.top,狼林鱼池,"blog,life"
wanyijizi.com,peachRL 的小站,"blog,hybrid"
ayu.land,甜鱼/Ayu,go
blog.moyuql.top,MoyuqLのBlog,"blog,life"
blog.shineyu.cn,Shine,"go,blog"
blog.loveyou.moe,Yu's Site,go
wang618.cn,旺东自留地,"blog,tech"
blog.chaunceychi.fun,CHI's blog,"blog,life"
blog.chrison.cn,目的地-Destination,go
fish9.cn,吃猫的鱼个人博客,"go,blog,tech"
blog.storia.ren,绘星里,"go,blog,hybrid"
gorpeln.top,gorpeln 的个人博客,"go,blog"
liuyude.com,慧行说,go
blog.catrol.cn,醉月 の 酿酒屋,"go,blog,tech"
meuicat.com,爱吃肉的猫,"go,blog"
7boe.top,末雨绸缪,"go,blog"
rua.ink,Mello,go
pandax.wiki,PandaX Blog,"blog,tech"
blog.kkii.org,卡库伊 2.0,"go,blog"
catcat.blog,猫猫博客,go
ysicing.me,缘生笔记,"blog,tech"
mskclover.com,叶子的花园,"go,blog"
royc30ne.com,若绾 Royc30ne's Blog,"go,blog"
blog.trotyl.xyz,Trotyl's Blog,go
dhkk.cn,大海看看,"blog,life"
blog.lichenghao.cn,故事的程序猿 Lichlaughing^Blog,"go,blog"
blog.rainiar.top,寒夏摸鱼站,"go,blog,tech"
blog.cuger.cn,Dorad's Life,"blog,hybrid"
mrrxx.com,星空未屿,go
siax.cn,Siax's Blog,go
sycamore.top,Sycamore's Blog,go
blog.uuanqin.top,半方池水半方田,"go,blog"
shimoko.com,Shimoko,"blog,tech"
blog.yuse.cc,宇生の后花园,go
pinpe.top,Pinpe,go
ymiir.asia,月梦の技术博客,go
fat-old-eight.github.io,Fat Old Eight's Blog,go
blog.stevenw.cc,Steven 的博客,go
blog.furen.link,孤熵小狼,"go,blog,tech"
dabenshi.cn,Dabenshi'blog,"go,blog"
blog.tibrella.space,Tibrella 的隙间,go
blog.akimio.top,秋澪Akimio,"go,blog"
daoker.cc,Daoker小站,go
jiangmiemie.com,Island,go
blog.gumengyo.top,顾梦,go
daodaoshi.xyz,daodaoshi,go
blog.zmonster.top,小怪兽,go
blog.59888888.xyz,无极的博客,"blog,tech"
tjsky.net,秋风于渭水,"blog,hybrid"
efu.me,伍拾柒,"go,blog"
yilantingfeng.site,倚栏听风,go
n-bc.top,新白菜频道,"blog,hybrid"
blog.qcmoe.com,倾丞の小窝,"go,blog"
moey.cn,萌言网,go
neutrino7.top,七号中微子,go
blog.histcat.top,Histcat's Blog,"blog,tech"
maxqi.top,MaxQi的说说,go
blog.l3zc.com,亂筆,go
lab.gb0.dev,/var/log/gblab,go
boysec.cn,王先森,go
blog.jkl.asia,极客郎,go
zhuxu.asia,朱某的生活印记,"blog,life"
lomtom.cn,lomtom,go
zhangz.cc,ZhangZ-Blog,go
blog.lmb.blue,哈喽！林墨白,go
imqi1.com,ImQi1,"go,blog"
0x3f.foo,无穷大？,go
blog.viper3.top,小霜南风,go
skira.top,桜紺狸の部落阁,go
subrige.xyz,杨昀,go
66619.eu.org, 619's Blog,"go,blog"
blog.sdnie.fun,没有楼的楼长的博客,go
lklog.cn,龙鲲博客,"go,blog"
oxoxtech.com,牛牛技术客栈,"blog,tech"
luochancy.com,I‘m Luochancy,"blog,hybrid"
sunnyli.xn--9traa.eu.org, SunnyLi's Blog,go
blog.redcha.cn,彬红茶博客,go
liubing.me,Bing,go
xingbianren.cn,刑辩人在路上,"blog,life"
llh1347.com,梦中小城小站,"blog,hybrid"
blog.kevinchu.top, KEVIN'S BLOG,go
blog.lvems.top,lveMonsiのBlog,go
pwsz.com,品味苏州,"blog,life"
90svip.cn,极客指北,go
leziblog.com,LeZi的猫窝,go
blog.adyun.design,ADYUN,go
blog.loadke.tech,静雨▪安蝉,go
80srz.com,荒野孤灯,"go,blog"
c2ics.com, Ciics'Blog,go
yurenyiyuji.top,愚人呓语集,"go,blog"
4ading.com,阿啊阿吖丁 - 丁俊尧的个人网站,"blog,hybrid"
oragekk.me, Oragekk's Blog,go
blog.catchyun.com,云晓晨CatchYun,go
blog.alcex.cn,Alcexのblog,go
blog.joker2yue.com,Joker2Yue的个人博客,go
blog.shaoao.top,奥奥の探索日记,"go,blog"
blog.hikariyo.net,喵喵小窝,go
srebro.cn,运维小弟,go
timelogs.cn,时光日志,"blog,life"
blog.zhecydn.asia,zhecydn的博客站,go
xingmail.cn,往日信笺,go
blog.zc.wiki,终成博客,"go,blog,tech,life"
yltang.cn,原谅糖,go
barku.re,Barkure,"blog,life"
yamdr.cn,Yamdr,go
jinqimu.github.io,JQM's Site,go
jinjis.cn,Legroft,go
blog.tigerxly.com,FANTASY,go
blog.moej.cn,Sakura,"go,blog"
blog.zeruns.com,Zeruns's Blog,"go,blog"
guqing.io,Guqing's Blog,go
feiliwuyan.com,非礼勿言,"go,blog"
m78.co,星空小站,go
yunyoujun.cn,云游君的小站,"go,blog"
krau.top,Krau的博客,"blog,life"
nymane.xyz,Nymane's Blog,go
freejishu.com,freejishu 的美丽世界,"go,blog"
baka.fun,小太の游乐园,go
blog.ning.moe,某科学的贝壳的博客,"go,blog,tech"
blog.zamlia.com,咱们俩の博客,"go,blog,hybrid"
nenufm.com,留声与视,go
97772.top,苏清明的摆烂空间,"go,blog"
yufm.com,悠见YUFM,"blog,life"
geekery.cn,"运维开发绿皮书","blog,tech"
lylyl.cn,时光李记,"blog,hybrid"
greendolphindance.com,Green Dolphin Dance,go
bikari.top,微光档案,"go,blog"
blog.iqzhi.com,秋至、枫以落,"blog,tech"
sunzishaokao.com,云港网络,go
6young.site,6Youngの屋,"go,blog"
baiwumm.com,浮生半页,"go,blog"
blog.pj568.sbs,PJ568的博客,"go,blog,tech"
blog.uptoz.cn,小小笔记大大用处,go
blog.btwoa.com,放养平凡,"go,blog"
blog.inekoxia.com,九夏小站,"blog,hybrid"
yfzhu.cn,Zhu's Blog,"blog,tech"
mozixi.com,陌子夕生活记,"go,blog"
blog.lxythan2lxy.cn,Travis' Blog,"blog,hybrid"
blog.quickso.cn,点滴记忆,go
lyszm.com,六月是只猫,"go,blog"
m.senlinm.cn,小林笔记,"blog,life"
gmcllp.cn,关关和六六,"go,blog"
yunyitang.me,Yunyi's Blog,"blog,tech"
blog.xxfer.cn,小李同学 Coding,go
loliapi.com,"LoliAPI",go
docn.net,零一物语,"go,blog,tech"
taotaoiswjs.cn,晨风韵雨の博客,"blog,tech"
huluohu.com,胡萝虎的博客,"go,blog"
blog.twelveeee.top,十二的编程笔记,go
blog.starsharbor.com,◈星港◎Star☆的博客,"go,blog"
blog.mcloc.cn,白馬空谷,go
haoruanmao.com,好软猫,go
hxy.cc,韩情脉脉,go
hechuan.me,也被放进河川,go
dengqn.com,DengQN Blog,"go,blog"
indude.cn,indude-个人文章分享,"go,blog"
ryanzm.cn,又见梅林,"go,blog"
xrbk.cn,新锐博客,"blog,tech"
bfzw.top,并非正文,go
wrye.dev,Blog of Wr,go
cynosura.one,Cynosura,go
blog.dctewi.com,冻葱Tewi,go
blog.peiluming.com,裴先生笔记,"go,blog"
sccube.link,ScaredCube’s Site,"go,blog,hybrid"
blog.zhilu.cyou,纸鹿摸鱼处,go
wanglin.blog,Highligh,go
lb5.net,小野博客,go
sikan.moe,"厄尔科斯",go
blog.nicebao.com,奇思妙想录,go
ihello.cc,小稚生活志,"blog,life"
kegongteng.cn,Kegongteng,"blog,life"
yvii.cn,乙未极客,"go,blog"
baiwulin.com,雾林博客,"blog,hybrid"
wpzllq.cn,棚子,"go,blog,hybrid"
yunxge.cn,阿云的宝库,"go,blog,site"
mnchen.cn,前尘小筑,go
natro92.fun,心流,"go,blog,tech"
blog.kukac.top,Kuka,"go,blog,tech"
blog.clearligh.top,自僱落葉竟痴迷,"go,blog,tech"
blog.june-pj.cn,June's Blog,"go,blog,life"
blog.tsio.top,光溯星河,"go,blog,hybrid"
alampy.com,萤火之光,"blog,hybrid"
blog.starchen.top,星辰博客,"go,blog,tech"
ccgxk.com,串串狗 xk,"blog,life"
puresky.top,轻雅阁,"blog,hybrid"
coolku.cc,COOL,"go,blog,hybrid"
whooc.com,风呼呼,"go,blog,life"
blog.imken.moe,Imken 发电厂,"go,blog,tech"
imjipa.top,JIPA233の小窝,"go,blog,tech"
project.chukogals.top,中古美少女计划,"go,blog,life"
jukai.site,JUKAI.SITE,go
lapis.cafe,"时歌的博客",go
xingpingcn.top,邢平cn的博客,"go,blog"
wygxmew.github.io,乌云盖雪,"blog,life"
zair.top,逐水寻源,go
pigwan.me,Pigwan,"go,blog,life"
blog.yaqwq.top,丫丫博客,"go,blog,tech"
blog.qgmzmy.me,qgmzmy's blog,"go,blog,tech"
pipuwong.com,皮普的数字花园,"blog,tech"
blog.255650.xyz,VanllaOcap Blog,go
xiaohanwu.com,肖寒武的博客,"go,blog"
littlefean.github.io,阿岳的博客,go
howiehz.top,皓子的小站,"blog,hybrid"
shansan.top,ShanSan,"go,blog"
blog.imsyy.top,無名小栈,"blog,tech"
imets.cn,静若安然,"blog,tech"
zachariah.run,Zachariah's Blog,"go,blog,life"
blog.huaxiangshan.com,滑翔闪,"go,blog"
webjing.cn,webjing,"go,blog"
liunian.cc,流年社区,go
blog.liushen.fun,清羽飞扬,"go,blog,tech"
blog.xavierskip.com,xavierskip's blog,go
qninq.cn,倾城于你,"go,blog"
chriskim.cn,颢天主页,go
sszsj.com,鼠鼠在碎觉,"go,blog"
weisay.com,威言威语,"blog,life"
itylq.com,IT摇篮曲,"blog,tech"
xalaok.top,Naive Koala 考拉小屋,"go,blog"
vjo.cc,刘郎阁,"blog,life"
blog.veitzn.top,Veitzn的小屋,"go,blog"
amjun.com,阿蛮君博客,go
cszj.wang,吕舒君的博客,go
xiaoa.me,半日闲,go
oyiso.cn,Oyiso's Blog,go
yao9e.cn,杳戈的小栈,go
qiukui-note.happy365.day,秋葵笔记,go
blog.fiveth.cc,Fiveth,"go,blog"
lostdeer.xyz,迷鹿屋,"blog,life"
blog.awaae001.top,呓语梦轩,"blog,life"
blog.fyz666.xyz,逸风亭 - Shelter for Wind,go
lisz.me,仲儿的自留地,"go,blog"
umb.ink,伞菌的博客,"go,blog"
blog.365sites.top,365云栈,"go,blog,tech"
blog.likesrt.com,"云深处",go
cuixinxin.cn,卖坚果的怪叔叔,"go,blog,tech,life"
linexic.top,LineXic书屋,"blog,life"
notes.smallbamboo.cn,小竹の笔记本,go
blog.gxres.net,Restent's Notebook,"go,blog,tech,life"
blog.393837.xyz,Region-Blog,"go,blog"
blog.ymbit.cn,YanMoBlog,go
hadongzhu.com,哈冬猪的小站,"go,blog,tech"
blog.icybit.cn,IcyBlog,go
blog.marice.top,冰火之砺,go
aciano.top,Aciano,"go,blog"
ppyia.com,噗派吖,go
dangeer.com,DANGEER,"go,blog"
blog.kengwang.com.cn,Kengwang 博客,go
rylan.cn,Rye Land | Rylan's Blog,go
blog.verynb.net,晴雀堂,"go,blog"
ztrztr.top,ztr 的小窝,"go,tech"
qwq.me,Doghouse,go
logdict.com,LogDict,"blog,tech"
blog.twofei.com,陪她去流浪,go
g-haoyu.top,Haoyu的博客,go
lxink.cn,凉心's Blog,go
pic.ffnb.top,SSR-FF摄影,"blog,life"
ww-fs.com,本源归一,"go,blog"
loneapex.cn,Mimosa的小屋,go
ddf.im,DAIDAIFU'S BLOG,"blog,life"
blog.mcenahle.org.cn,梅之夏,"go,blog,life"
ecylt.top,二次元论坛,go
blog.shiguang666.eu.org,時光的博客园子,"blog,tech"
wikimoe.com,维基萌,"go,blog"
nickwald.top,Nick的琐碎日常,go
guzhengsvt.cn,孤筝の温暖小家,go
allenyou.wang,秋实-Allenyou 的小窝,"go,blog"
blog.leihub.cn,阿雷的小窝,go
pinaland.cn,晴空树,"blog,hybrid"
xhd0728.github.io,Haidong Xin - Homepage,go
blog.hesiy.cn,FloatSheep's Blog,go
blog.kclub.tech,迷失的小K,"go,blog"
xenwayne.top,XenWayne's Blog,go
blog.bsgun.cn,梦爱吃鱼,"go,blog"
yc100.github.io,Memory Dairy,go
koxiuqiu.cn,朽丘秋雨,go
viisaus.tech,viisaus(小欧同学）,go
silverisky.com,银河沧海,"go,blog,tech"
kinsey973.github.io,北沐城歌,"go,blog"
cworld0.com,CWorld Site,"go,tech"
moeyao.cn,云海花瑶,go
penguinway.space,企鹅的小站,"go,blog,tech"
pljzy.top,ZY知识库,go
529464.xyz,沙漠渔夫,go
blog.linyunlink.top,凌云·LinYun,"go,blog"
blog.serms.top,SerMsCoding,"go,blog"
blog.hikarilan.life,HikariLan's Blog,go
cyrusblog.net,Cyrus's Ship,"go,blog"
yveji.com,悦己,go
blog.im0o.top,Jz0ojiang's Blog,"go,blog"
cloud.sd.cn,网络一隅／Net`Corner,"go,blog"
zxwlove.xyz,浅小兮の梦,go
iczrx.cn,晚夜的个人博客,go
hydsb0.com,探人间,"go,blog"
blog.xing-ye.top,XINGYE's Blog,go
morick66.com,Morick莫里克,"go,blog"
leetme.netlify.app,Leet,go
blog.sakurasou.io,さくら荘,go
blog.study996.cn,寻梦城,"go,blog"
blog.ksable.top,Ksable's 小屋,go
blog.henrywhu.cn,Henry的博客,go
ghostchu.com,Ghost_chu's Blog,go
jjy2023.cn,云深知处,go
tinsir888.github.io,"tinsir888",go
bugbubbles.github.io,Das Blog von BugBubbles,go
blog.kfdzcoffee.cn,咖啡豆子coffee的小站,go
blog.reincarnatey.net,失迹の博客,"blog,tech"
chenxutalk.top,Chenxu's Blog,go
manjiuqi.com,满久琦的个人网站,"blog,hybrid"
chenzhen.space,ChenZhen的博客,go
farer.org,Stray Episode,go
ooowl.net,Frederick's Blog,go
anye.xyz,Anyeの小站,go
physnya.top,菲兹克斯喵,"blog,life"
blog.mc-sep.top,"MC-Sep","go,hybrid,blog"
xiaobu.xyz,小步的客栈,go
cyrus19.cc,CC的数字花园,"go,blog"
sifangbazhu.tech,MRZHU的小站,"blog,life"
bcmonomial.xyz,单项式的笔记本,"go,blog"
vrast.cn,Keyle's Blog,"go,blog"
mofan212.github.io,默烦,go
i.duckxu.com,DuckXu's Site,go
wuminboke.site,无名博客,"go,blog"
fhrf.top,繁华如风的小站,go
geedea.pro,極客死亡計劃,"go,blog"
lincol29.cn,Lincol29’s Blog,go
ihaihe.cn,三十里海河,"go,blog"
blog.southz.top,南川吟梦,go
tylk.cc,LiKai Blog,go
luoca.cn,洛卡日记,"go,blog"
blog.sakurasep.site,九月的生活,go
blog.trfox.top,Teror的客栈,"go,blog"
blog.fengyunji.site,FengYunji's Blog,go
shinya.click,信也のブログ,go
brume.top,春树暮云,go
xiao-h.com,小H的博客,go
dolingou.com,Dolingou,"go,blog"
blog.shenghuo2.top,shenghuo2's Blog,go
iasuna.com,逐暗者的麦田,go
vxcode.top,ex.文奚-技术驿站,go
byteloid.one,Bingxin Home,"go,blog,tech"
fengkeao.top,F-K-A - 生命不息，运动不止💪,go
uhope.fun,小王的大数据驿站,go
blog.horonlee.com,皓然小站,go
blog.zicheng.icu,小枫_QWQ の 博客,go
biliwind.com,风屿岛-不知名海域的知名岛屿,go
the0n3.top,the0n3,go
agen233.top,枫林·浅羽·云梦,"blog,life"
blog.hehouhui.cn,Honesty的博客,go
xyx404.github.io,xyx404's blog,go
qsub.cn,秋枫博客,go
peter267.github.io,Peter267,"blog,tech"
xingwangzhe.fun,姓王者的博客,"blog,tech"
yurik.cafe,景蓝的小屋,go
zty012.de,ZTY Blog,go
diyun.site,狄云的所思所想,"blog,tech"
siena.zone,小鹿的个人网站,"blog,life"
hats-land.com,帽岛 Hat's Land,"go,blog"
luanshiliunian.cn,小张deblog,go
jellypro.cn,爱探索,go
ajinol.com,阿锦在线,go
david03.top,Davidの3号基地,"go,blog"
dz.sumer.work,程序员SUMER,go
blog.hanlin.press,"翰林的小站",go
consolelz.github.io,程序猿小哲的博客,go
blog.gzzz.pro,Gzzz's Blog,go
shirone.moe,白音的小屋,go
qladgk.com,qlAD的技术笔记,go
milu.ink,"米露小窝",go
qubeijun.github.io,qubeijun的博客,go
ls-shandong.codeberg.page,"LS-Shandong 的博客",go
santisify.top,santisify site,go
zhejianglao.cn,王一土的个人网站,go
blog.zhwei101.com,ZHWEI's Blog,"go,blog"
finding.is-cool.dev,方寻,go
youhuge.site,幽狐阁,"go,blog,life"
lycoris.cloud,Lycoris,"blog,tech"
lonleaf.com,无叶之境 - Realm in Legend,"blog,life"
blog.jiumoz.com,九陌斋博客,go
fanyiming.life,Eamon,go
blog.hpcesia.com,璜珀的小屋,"blog,tech"
xizi.live,洗子の小窝,go
owo.cab,zhxy-CN の 小窝,go
memxb.top,默小班,"blog,hybrid"
blog.share888.top,敲代码的卡卡罗特,"blog,hybrid"
blog.rainsin.cn,rainsin's blog,"go,blog"
seandictionary.top,SeanDictionary | 折腾日记,go
xhily.com,无用笔记,"go,blog"
blog.yngcy.com,yngcy,go
hollowman.cn,胡勇的博客,go
kanokano.cn,MiniKano的小窝,"blog,life"
djdog.cc,DJ王大海,go
gcoulu.cn,"菰城鸥鹭的大学之道","blog,hybrid"
duanxiansen.com,三无青年,"blog,life"
r1n.top,陵长镜的小博客,"blog,hybrid"
lawtee.com,老T博客,go
bwsl.wang,飞蚊话,go
pysio.online,熊猫的小窝,go
tch.cool,我剑也未尝不利,go
blog.deepchirp.com,空鸣深语,"blog,hybrid"
jinjun.top,钧言极客,"blog,tech"
ziyang-bai.github.io,Ziyang-bai的个人主页,go
blog.yesord.top,"10590的学术垃圾桶",go
docs.lizili.online,迷失的六六,go
aristore.top,Aristore,go
zla.pub,ZLA 小站,"blog,life"
blog.adlamp.cn,ADLAMP,go
baihw.cn,零叁的个人博客,go
xmdblog.com,小明的部落格,go
blog.fis.ink,fishcpy的小破站,go
w4ter.com,water's blog,go
blog.ehnap.com,问心斋,"blog,tech"
vichain.cn,voskva,go
zyyo.net,ZYYO笔记,go
nelsonboss.ink,Nelson Boss,go
hetong-re4per.com, 瞳のBlog,go
blog.imlast.top,Last Blog,go
wmviv.com,美好的明天,"go,blog"
me.owaii.net,阿星球广播电台,"go,blog"
ddw2019.com,Dongdong's Blog,"go,blog"
lave.fun,Laveの小屋,go
blog.w1ndys.top,W1ndys小屋,"go,blog"
jiuliu.top,久流的个人小站,go
arc.canmi.icu,Canmi's Life,go
flowersink.com,"花墨",go
frank2019.life,"Frank笔记","go,blog,life"
blog.180280.xyz,夜轻Blog,go
whbbit.cn,月空人,go
blog.opeach.cn,HiPeach - 月波微澜,"go,blog"
timewaster43.github.io,本杰明的博客,go
crackme.net,brassinolide的博客,go
yuanshen.dev,YuanRetro,go
blog.imysen.com,Yunsen的小窝,go
xeonzilla.top,x7aNote,go
biibii.cn,BIIBII,go
taurusxin.com,TaurusXin 的独立博客,"blog,hybrid"
rhopaper.top,RhoPaperの小站,"go,blog"
szhshp.org,szhshp的第三边境研究所,"blog,tech"
haoyu233.com,小改学习志,go
penjc.cn,澄健,go
mgrowup.com,龚东海的博客,go
blog.lynn6.cn,Lynn的小站,go
57767.top,云端日志,go
7muo.top,木偶,go
liuchenyang.top,ToLiucyLinux,go
eexuan.cn,宜轩博客,"blog,life"
moriform.com,森月台,go
yunyanck.cn,云烟博客,"blog,tech"
leorain.cn,leorain,"blog,tech"
rikka.im,Rikkaの小小窝,go
mingcy.cn,茗辰原,go
blog.fantasyke.cn,Fantasy`ke Blog,"blog,tech"
kwokronny.com,超能郭工,go
we.owaii.net,亚斯之声,"blog,life"
home.yesord.top,Rolenx 的 δ 世界线,"blog,life"
jikehou.cn,极客猴,go
qijieya.cn,祈杰のblog,go
justpureh2o.cn,JustPureH2O 的博客,go
emohe.cn,阿涛の小破站,go
烫烫烫的锟斤拷.top,烫烫烫的记事本,go
lik.cc,林间拾语,"blog,hybrid"
kekkj123.github.io,KEKKJ BLOG,go
blog.quenan.cn,鹊楠の小窝,go
furryowo.top,布丁の小窝,go
lyrashore.com,流萤白沙のBlog,"blog,tech"
myxz.top,莫言小筑,go
imgradeone.com,the real imgradeone | 真正的自言者一么,go
tutouzhang.com,秃头张,go
linmohan.fun,技研录,go
sbsb.life,Tannerの笔记,go
zxs.me,仲小树,go
ski.ink,盐木的小破窝,go
zihan.show,李梓菡	,go
indulgeback.github.io,IndulgeBack,go
mubeiyizhimao.top,慕北一只猫,go
imfurry.com,中二蘑菇的博客,go
blog.yujiay.wang,Evilrabbit's Blog,go
blog.liuzhen932.top,liuzhen932 的小窝,go
webfem.com,webfem,"blog,tech"
xscnet.cn,Mete0r's Blog | 壹人小站,go
ttio.cc,記緒漂流,"blog,life"
zerowolf.cn,零狼 の 小窝,go
zzzhome.cc,zzzHome,go
wyjmew.cn,王一君Mew,go
blog.245179.xyz,龙星划空,go
fuxes.cn,fuXes的浮生闲话,"blog,life"
chrisfu.cn,凉月十七,go
aicsuk.net,Aicsuk の世界,"go,blog"
yangzhang.site,Yang Zhang's Site,go
hilxy.com,行迹小栈,go
diraw.top,Diraw‘s World,go
xiaonie.me,小聂的窝,go
mqfs.com,梦起凡事,go
jame.work,Jame,"blog,life"
blog.xenoecho.top,XenoEcho,go
blog.drearry.com,未来折射,go
ztgdblog.icu,ZTGD,"blog,hybrid"
blueke.top,Lanke` Blog,go
iflux.art,iFluxArt,"blog,tech"
boiltask.com,BoilTask Blog,go
blog.tsukistar.cc,星河絮语,go
blog.dimeta.top,砂纸の小屋,go
illusional.top,粥粥的小窝,go
zheep.top,云端的解构者,go
blog.alayedong.cn,Alaye的小屋,go
flyday.top,FlyDay,go
blog.weichky.com,Weichky's blog,go
denvoshome.xyz,Honaisu,go
skylan.cc,清梦云熙,go
xn--yetq47i.top,小路文章-博客,go
blog.000k.de,LinK的博客,go
programnotes.cn,编程笔记,go
wcowin.work,Wcowin's Blog,"blog,tech"
wpironman.top,WPIRONMAN,go
zanks.link,乱话三千,go
mengbooo.github.io,BemoDB,go
sudachi.top,莱姆Lime,"go,blog,hybrid"
blog.cancin.cn,参星阁,go
mioz.life,Mioz.life | 猫酣 zzZ,go
blog.leoo.fun,清欲の小窝,go
i.bbb-lsy07.sbs,bbb-lsy07,"blog,tech"
ikamusume7.org,伊卡的记事本,go
land.hash.moe,故人故事故纸堆,go
blog.keaeye.fun,Keaeye's Blog,"go,blog,hybrid"
aajax.top,Ajax's Blog,"go,blog,tech"
watermelonabc.top,Watermelonabc的Blog,"go,blog,hybrid"
blog.chario.cn,枝语风笺,go
blog.mmoe.work,Adogecheems的无趣地,go
blog.luckyits.com,我想要两颗西柚,go
dyzmj.top,3247号监听站,go
note.noxussj.top,菜园前端,go
blog.sakurasen.cn,森语,go
blog.0xd00.com,0xd00's blog,"blog,tech"
axi404.top,Axi's Blog,"go,blog,hybrid"
dendrobiumcgk.chat,dendrobiumcgk,go
oatse.com,茨见手扎,go
xfsay.com,小飞说,go
liangbm3.site,liangbm3's blog,go
iliuqi.com,云栖梦泽,go
nocp.space,Norcleeh's Site,"blog,hybrid"
b.ncii.cn,卖烤肉 - Carpe Diem,go
shenfou.com,神否,go
gwy.fun,Guoweiyi,go
blog.moeqy.com,MyBlog(MqyGalaxy|Blog),"go,blog"
blog.kpretty.tech,开源大数据驿站,go
httsard.online,黄桃糖水Ard.Online,go
blog.ilidilid.top,浩林同学のblog,go
alzt02.github.io,ALZT02的个人博客,"blog,hybrid"
blog.zyx-2012.cn,折腾日记,go
note.moxiify.cn,希记,go
note.redcha.cn,彬红茶日记,go
blog.hxrch.top,Horean's Blog,"blog,hybrid"
blog.amireuxox.cn,ex.开往Yki-yawa的小窝,go
lyt0112.com,Yutong's Site,go
blog.xioxix.com,Timo在此Blog,"go,blog"
bear556.top,拾光小阁,go
hiripple.com,Ripple' blog,go
lukelzlz.top,lukelzlz,"go,blog"
quarkpixel.github.io,Hsuan's Space,go
blog.lusyoe.com,青萍叙事,go
blog.lie-kong.top,猎空のBlog,go
bi1vmm.cn,喂猫猫,"blog,life"
qixz.cn,青序栈,go
deusyu.app,既往不恋,go
blog.gogei.top,Gogei的静默日志,"blog,hybrid"
blog.6uu.us,bbb-lsy07,go
blog.faryou.eu.org,faryou的博客,go
weitao-jiang.cn,CBDT的个人主页,go
hailandao.com,海蓝岛,"blog,tech"
castamerego.com,Castamere,go
blog.colix.cn,Q的小站,go
chlo.is,Garden of Outlier,go
blog.w1f.top,王权富贵,go
blog.sibaihua.com,司白画博客,go
qiulaidongfeng.github.io,秋来冬风的博客,go
blog.elysium-stack.cn,ElysiumStack,go
pyrzo.com,光 · 昭,go
leonxie.cn,LeonXieの小窝,go
blog.lemonstar.me,柠檬星,go
blog.hiyun.top,ObsiBlog,go
8853131.xyz,牧之小岛,go
fuwari.oh1.top,yCENzh's Blog,"blog,hybrid"
blog.luoh.org,落憾,go
zrn.net,Zirkeln,go
blog.sakura.ink,愛することを忘れないで,go
blog.aulypc0x0.online,AULyPc の Blog,go
fanzhuo.xyz,Fanzhuo's Blog,"blog,tech"
blog.kaiqi.wang,云晓晨 KaiQi.Wang,"blog,tech"
sumi233.top,酥米的小站,"blog,hybrid"
woolyun.com,天海牧歌,go
vindo.cn,静观小窗,go
cn059.com,CN059的技术博客,go
xihuannio.cn,北之歌 - 心之所向，音之所达,go
blog.fufu.ink,空想笔记,go
lailai.one,lailai's Home,go
2star.top,致星极客,go
vluv.space,GnixAij,go
leehenry.top,伏枥之间,go
blog.glumi.cn,陈陈菌博客,go
blog.sky233.top,YaloisBlog,go
blog.drpika.com,小屁卡医生 DrPika's Blog,go
saneko.me,Saneko,go
blog.marshuni.fun,Marshuni's blog,go
blog.xgclevo.top,xgclevo的博客,go
imakashi.com,ZoneAkashi,go
yxbug.ren,YUEXIABUG,go
blog.caonmd.com,李开开博客,go
275.pub,TNTのBLOG,go
blog.boranstars.top,星空之下,go
blog.mcxiaochen.top,辰渊尘の博客,go
blog.slhaf.work,SLHAF's blog,go
blog.plfjy.top,零风PLFJYの小站,go
eofs791.github.io,Catarium,go
kzhik.cn,kzhik's website,go
vnyzm.top,VnYzm的博客,go
blog.mc118cn.cn,MC118CN 的博客,go
citydatum.cn,橙树志 ｜ citydatum,"blog,hybrid"
home.vindo.cn,间窗而语,go
xiaoten.com,小十的个人博客,go
blog.samhou.moe,SamHou's Blog,go
nkmon.com,南柯一梦,go
inkss.cn,枋柚梓博客,"blog,tech"
luming.cool,路明笔记,go
nkns.cc,NknSのSitE,go
kangqiovo.com,KangQiのBlog,go
xsl.im,AirTouchの小站,go
iamyukino.cn,雨雪冰屋,go
ecwuuuuu.com,ECWU 的博客,go
bioez.xyz,小倪 | BioEZ,go
blog.cuteleaf.cn,夏夜流萤,go
blog.feng1026.top,枫落丰源,go
htmacg.cn,墨韵先知,go
lorcas.top,Zephyr's Blog,go
exister.tk,Exister,go
8cat.life,ccm's blog,go
blog.srprolin.top,SrP-BloG,go
hejunjie.life,星河避难所,go
seln.cn,mccsjs,go
blog.toastbubble.top,吐司气泡,go
blog.demius.tech,字·兮·书,"blog,tech"
dudududu.vip,杜嘟嘟,go
controlnet.space,ControlNet Blog,go
blog.sotkg.com,Mikuの极光星,go
satinau.cn,缎金SatinAu,go
blog.lonzov.top,一叶舟记,go
baozongwi.xyz,baozongwi's blog,"blog,tech"
note.jiehua.org,Notebook of Jie Hua,go
lznauy.cn,lznauy的技术小屋,go
blog.mckero.com,MC_Kero blog,go
paddysun.top,Under the Sun with Paddy,go
blog.stevezmt.top,老史尬侃,go
blog.farewe1ll.top,Farewe1ll's Blog,go
soda-official.top,soda-official,go
ares-tech-stack.cn,Ares的小破站,go
yux-bao.icu,Yux Bao的个人博客,go
blog.ciriu.com,云昔的自留地,go
blog.bleaz.net,Bleaz's Blog,go
blog.mugzx.top,Mugzx's Blog,go
lafoyer.com,栖梦集,go
summergao.com,SummerGao,go
blog.imxizhen.cn,imxizhen,go
blog.yaten.xyz,Yaten-Z's Blog,go
mnzn.me,Mnzn の 小屋,go
hmily.ren,Hmily,go
lifengdi.com,李锋镝的博客,go
air1.cn,Air1,go
linjhs.top,LinJHS个人小站,go
white-festa.net,White~Festa,go
t-t.live,团团生活志,go
sizau.com,时舟,go
hongliu.icu,HongLiu的小站,go
shifeiyu.cn,是飞鱼Blog,go
blog.yasking.org,东东's Blog,go
lner.top,小林昕岛,go
blog.viki.moe,Viki 写东西的地方,go
bluelanm.github.io,蓝莓,go
uomn.cn,氢云小屋,go
blog.zhipro.com,求知学习社,go
kissthisrain.cn,kissthisrain,go
blog.andyjin.website,Modern Blog,go
zebin-yue.top,Zebin,go
blog.wryhf.com,Ant's 博客,go
chenhe.me,晨鹤部落格,go
geekswg.js.cool,毕少侠,go
innatus.cn,innatus,go
nxxy335.top,暖心向阳335,go
d-d.design,孤斗,go
blog.fohok.xin,谶的博客,go
blog.gytxtx.top,KFACBT 的博客,go
sutdown.github.io,Sutdown,go
ayayy.com,Ayayy's Blog,go
xiaoxi.ac.cn,小曦的园子,go
blog.canmoe.com,璨梦踏月の小窝,go
blog.ziyege.com,子夜歌,go
likepoems.com,如诗,go
blog.shenyouchu.cn,沈幼楚の小窝,go
blog.guuguai.site,古怪杂记本,"go,blog,life"
treemoe.cn,树萌,"go,blog,hybrid"
blog.hanta2011.top,Hantaの天境小屋🥝,"go,blog,tech"
juniortree.com,小树的博客,"go,blog,hybrid"
baiyuyu.com,白鱼小栈,"go,blog,tech"
yourlai.icu,Yourlai’s,"go,blog,tech"
yourlai.com,RINTH[X] Terminal,"go,blog,hybrid"
yucol.top,乖乖龙地冬,"go,blog,tech"
pym.plus,PYM博客,"go,blog,tech"
linzekai.cn,林泽凯的小站,"go,blog,hybrid"
pgoj.top,平哥偶记,"go,blog,life"
blog.danzaii.cn,一只小羊羔的窝,"go,blog,hybrid"
fengcblog.880200.xyz,fengc's Blog,go
overstars.github.io,零岛,"go,blog,hybrid"
blog.teadrink.me,茶酒のBlog,"go,blog,tech"
blog.cmyr.ltd,草梅友仁的博客,"go,blog,tech"
hk256.top,白熊の小站,"go,blog,hybrid"
careful.fyi,谨言慎行,"go,blog,tech"
blog.luckyfishes.site,NoNama Blog,"go,blog,tech"
rainmorime.com,RAINMORIME - 森雨,"go,blog,hybrid"
m-n.top,泯轲碎碎念,"go,blog,life"
miraii.cn,MuXiaoChen🍊的小窝,"go,blog,life"
mengxiblog.top,朱先森的笔记,"go,blog,hybrid"
xifeng.net,西风,"go,blog,hybrid"
qaqme.cn,林峰的技术博客,"go,blog,tech"
shiyin.cafe,时隐重工,"go,blog,hybrid"
mmoe.work,Adogecheems小屋,go
blog.224418.xyz,TangShiMei的小空间,"go,blog,hybrid"
blog.gankudadiz.com,gankudadiz的个人小站,"go,blog,hybrid"
blog.liseezn.top,liseezn'blog,"go,blog,tech"
leenet.xyz,里世界,"go,blog,tech"
liwanr.com,liWanr,"go,blog,hybrid"
sliun.com,理论派,go
blog.dort.me,Dort 的博客,"go,blog,life"
yhalo.cn,YHalo's Blog,"go,blog,tech"
blog.moyanjdc.top,MoYan's Blog,"go,blog,hybrid"
upxuu.com,UpXuu的博客,"go,blog,life"
blog.dhbxs.top,灯火不休时,"go,blog,tech"
blog.ooliver.cn,ooliver 的博客,"go,blog,hybrid"
carm.cc,Carm's Home,"go,blog,hybrid"
arcwolf.top,Arcwolf Blog,"go,blog,hybrid"
i.igosn.com,IGOSN,"go,blog,tech"
nekro.top,Nekro's SEKAI,"go,blog,hybrid"
linxii.top,linxii的blog,"go,blog,tech"
rainafter.cn,雨后初晴社,"go,blog,hybrid"
blog.sdy666.icu,思渡鸢的云栈,"go,blog,hybrid"
lybblog.cn,轻淡时光,"go,blog,life"
blog.gbfun.cc,GB的记事簿,go
rainview.net,语景小站,go
ftz.is-a.dev,for_the_zero的小站,go
blog.sdsml.top,思迈时光,go
blog.kayro.cn,敖苛记,go
inkem.space,一杯为品的博客,go
ficor.net,荒野菲克,go
yuanshan.site,远山的小站,go
