domain,url,status,time_ms,error
blog.joker2yue.com,blog.joker2yue.com,0,0,InvalidUrlClientError
skyre.cn,https://www.skyre.cn,0,3,ClientConnectorDNSError
zsh.lat,https://zsh.lat,0,4,ClientConnectorDNSError
nymane.xyz,https://www.nymane.xyz,0,4,ClientConnectorDNSError
blog.pj568.sbs,https://blog.pj568.sbs,0,4,ClientConnectorDNSError
zyx-2012.xyz,https://zyx-2012.xyz/,0,4,ClientConnectorDNSError
seija.me,https://seija.me,0,5,ClientConnectorDNSError
mishi23.com,https://www.mishi23.com,0,5,ClientConnectorDNSError
blog.lfhsheng.com,https://blog.lfhsheng.com,0,5,ClientConnectorDNSError
sgyunc.com,https://www.sgyunc.com/,0,5,ClientConnectorDNSError
blog.rbkou.me,https://blog.rbkou.me,0,5,ClientConnectorDNSError
me.owaii.net,https://me.owaii.net,0,5,ClientConnectorDNSError
we.owaii.net,https://we.owaii.net,0,5,ClientConnectorDNSError
blog.reverier16.com,https://blog.reverier16.com/,0,5,ClientConnectorDNSError
blog.baize.host,https://blog.baize.host,0,6,ClientConnectorDNSError
booboo.run,https://booboo.run,0,6,ClientConnectorDNSError
zisu.dev,https://zisu.dev,0,7,ClientConnectorDNSError
blog.chendi.link,https://blog.chendi.link,0,7,ClientConnectorDNSError
bugcoder.asia,https://bugcoder.asia,0,7,ClientConnectorDNSError
jiejie.uk,https://jiejie.uk/blog,0,8,ClientConnectorDNSError
blog.rick.icu,https://blog.rick.icu,0,10,ClientConnectorDNSError
rikki.pub,https://rikki.pub,0,10,ClientConnectorDNSError
pibopibo.litecat.dev,https://pibopibo.litecat.dev,0,11,ClientConnectorDNSError
oo.ct.ws,https://oo.ct.ws/,0,11,ClientConnectorDNSError
linzeyin.github.io,https://linzeyin.github.io,200,12,
gopherding.github.io,https://gopherding.github.io,200,14,
moi-mo.github.io,https://moi-mo.github.io,200,15,
wygxmew.github.io,https://wygxmew.github.io/,200,15,
xyx404.github.io,https://xyx404.github.io/,200,16,
xiaowo.homes,"https://www.xiaowo.homes/",0,18,ClientConnectorDNSError
mizunashiutsuru.github.io,https://mizunashiutsuru.github.io/,200,19,
qubeijun.github.io,https://qubeijun.github.io/,200,19,
blog.henrywhu.cn,https://blog.henrywhu.cn,0,21,ClientConnectorDNSError
blog.032802.xyz,https://blog.032802.xyz,0,22,ClientConnectorDNSError
blog.dylanwu.space,https://blog.dylanwu.space,200,22,
fuleo.net,https://fuleo.net,403,25,
b2og.com,https://b2og.com,403,26,
blog.dort.me,https://blog.dort.me/,403,26,
blog.mckero.com,https://blog.mckero.com,403,28,
blog.ihtw.moe,https://blog.ihtw.moe,403,30,
blog.sdgou.cc,https://blog.sdgou.cc,403,31,
blog.fyz666.xyz,https://blog.fyz666.xyz/,403,32,
huluohu.com,https://www.huluohu.com,200,33,
6ird.com,https://www.6ird.com,200,34,
blackbzy.com,https://www.blackbzy.com,403,34,
ttio.cc,https://ttio.cc,403,34,
imcys.com,https://imcys.com,200,36,
tinsir888.github.io,"https://tinsir888.github.io/",200,37,
mnizjc.qzz.io,https://mnizjc.qzz.io,200,38,
blog.gxres.net,https://blog.gxres.net,200,38,
zeeko.dev,https://zeeko.dev,200,39,
penjc.cn,https://www.penjc.cn,0,39,ClientConnectorDNSError
dangeer.com,https://dangeer.com/,200,39,
7bxing.com,https://7bxing.com,200,40,
blog.mc-sep.top,https://blog.mc-sep.top,403,40,
blog.bluemangoo.net,https://blog.bluemangoo.net,200,40,
blog.255650.xyz,https://blog.255650.xyz,200,40,
ski.ink,https://ski.ink,200,40,
kirito.info,https://www.kirito.info,200,41,
champhoon.xyz,https://champhoon.xyz,200,41,
blog.cmyr.ltd,https://blog.cmyr.ltd,200,42,
bento.me,https://bento.me/chisakakanako,403,43,
blog.admincmd.xyz,https://blog.admincmd.xyz/,200,43,
guirlan.de,https://www.guirlan.de,200,43,
66619.eu.org,https://66619.eu.org,200,44,
blog.mcxiaochen.top,https://blog.mcxiaochen.top/,200,44,
blog.chyk.ink,https://blog.chyk.ink,200,44,
yuanzj.top,https://yuanzj.top,403,44,
brume.top,https://brume.top/,200,45,
blog.gr114.com,https://blog.gr114.com,200,45,
blog.jimersylee.com,https://blog.jimersylee.com/,200,45,
blog.lonzov.top,https://blog.lonzov.top/,200,45,
szhshp.org,https://szhshp.org,200,45,
blog.224418.xyz,https://blog.224418.xyz/,200,45,
leenet.xyz,https://leenet.xyz/,200,45,
wayjam.me,https://wayjam.me,200,46,
irr.ink,https://irr.ink,404,47,
c2ics.com,https://www.c2ics.com,200,47,
lumifotografisk.com,https://lumifotografisk.com,0,47,ClientConnectorDNSError
lorcas.top,https://lorcas.top,200,48,
lapis.cafe,"https://www.lapis.cafe",200,48,
blog.393837.xyz,https://blog.393837.xyz/,200,48,
fat-old-eight.github.io,https://fat-old-eight.github.io,200,49,
alex1222.com,https://alex1222.com,200,49,
cclin.org,https://cclin.org,200,49,
blog.hsmao.cn,https://blog.hsmao.cn,0,49,ClientConnectorDNSError
skira.top,https://www.skira.top,200,50,
ldo.one,https://ldo.one,200,50,
blog.verynb.net,https://blog.verynb.net,200,50,
blog.reincarnatey.net,https://blog.reincarnatey.net,200,51,
maxchang.me,https://maxchang.me/,200,51,
jhwiki.com,https://www.jhwiki.com/,200,51,
shuiao.top,https://www.shuiao.top,200,52,
his2nd.life,https://his2nd.life,200,53,
blog.xecades.xyz,https://blog.xecades.xyz,200,54,
fiammanda.com,https://fiammanda.com/,200,55,
myxz.top,https://www.myxz.top,0,55,ClientConnectorDNSError
timelogs.cn,https://www.timelogs.cn,0,56,ClientConnectorDNSError
sqdxwz.top,https://sqdxwz.top,0,56,ClientConnectorDNSError
blog.jerryz.com.cn,https://blog.jerryz.com.cn,200,56,
lifeni.life,https://lifeni.life,200,57,
mingcy.cn,https://mingcy.cn,200,57,
amisblog.cn,https://www.amisblog.cn,200,57,
edony.ink,https://www.edony.ink/,200,57,
zywvvd.com,https://www.zywvvd.com,200,58,
luojin.qzz.io,https://luojin.qzz.io/,0,59,ClientConnectorError
opw.cc,https://www.opw.cc,200,60,
blog.samhou.moe,https://blog.samhou.moe/,200,61,
akavalue.pages.dev,https://akavalue.pages.dev/,200,61,
fuwari.oh1.top,https://fuwari.oh1.top/,200,62,
7muo.top,https://7muo.top,0,62,ClientConnectorDNSError
blog.onedabuliu.cn,https://blog.onedabuliu.cn/,0,62,ClientConnectorDNSError
fhrf.top,https://fhrf.top,0,63,ClientConnectorDNSError
996workers.org,https://www.996workers.org,200,63,
blog.uniartisan.com,https://blog.uniartisan.com,0,63,ClientConnectorDNSError
w4ter.com,https://www.w4ter.com,200,63,
alampy.com,https://alampy.com/,200,63,
penginman.com,https://www.penginman.com,0,63,ClientConnectorDNSError
blog.xbxin.com,https://blog.xbxin.com,200,63,
blog.365sites.top,https://blog.365sites.top,0,63,ClientConnectorDNSError
liaochenlanruo.fun,https://liaochenlanruo.fun,200,64,
lyconeko.com,https://www.lyconeko.com/,0,64,ClientConnectorDNSError
yuluo.xyz,https://yuluo.xyz,0,64,ClientConnectorDNSError
everett.top,https://www.everett.top/,0,64,ClientConnectorDNSError
lostdeer.xyz,https://lostdeer.xyz/,200,64,
xiaofengqwq.com,https://xiaofengqwq.com,200,65,
inkem.space,https://www.inkem.space,200,65,
panjinbo.com,https://www.panjinbo.com,200,66,
418121.xyz,https://418121.xyz,200,67,
fengcblog.880200.xyz,https://fengcblog.880200.xyz/,200,67,
centaurea.top,https://centaurea.top,200,68,
blog.cusox.net,https://blog.cusox.net,200,68,
baiwulin.com,https://www.baiwulin.com,0,68,ClientConnectorDNSError
air1.cn,https://air1.cn/,200,69,
nonedata.com,https://www.nonedata.com,200,69,
qiukui-note.happy365.day,https://qiukui-note.happy365.day,200,69,
imgradeone.com,https://imgradeone.com,200,71,
blog.revincx.icu,https://blog.revincx.icu,200,72,
blog.moe233.net,https://blog.moe233.net,200,72,
blog.tsukistar.cc,https://blog.tsukistar.cc/,200,72,
blog.akimio.top,https://blog.akimio.top,200,73,
alexgu.art,https://alexgu.art/,200,73,
zsd.name,https://zsd.name,200,73,
dvel.me,https://dvel.me,200,73,
blog.yuse.cc,https://blog.yuse.cc,200,74,
gallery.mastermao.cn,https://gallery.mastermao.cn/,200,74,
blog.ypingcn.com,https://blog.ypingcn.com,200,74,
blog.starysky.top,https://blog.starysky.top,200,74,
olive-r.cn,https://www.olive-r.cn,0,75,ClientConnectorDNSError
rssblog.cn,https://rssblog.cn,0,75,ClientConnectorDNSError
physnya.top,https://physnya.top,200,76,
blog.luoh.org,https://blog.luoh.org/,200,76,
exister.tk,https://exister.tk,200,76,
yunyitang.me,https://www.yunyitang.me/,200,76,
zblogs.top,https://zblogs.top,200,76,
blog.7003410.xyz,https://blog.7003410.xyz,200,76,
iczrx.cn,https://www.iczrx.cn,0,77,ClientConnectorError
vnyzm.top,https://vnyzm.top,200,77,
blog.kisechan.space,https://blog.kisechan.space/,200,77,
weaxsey.cn,"https://weaxsey.cn",0,78,ClientConnectorDNSError
blog.ansonq.com,https://blog.ansonq.com/,200,78,
blog.yonagi04.cn,https://blog.yonagi04.cn,0,78,ClientConnectorDNSError
arc.canmi.icu,https://arc.canmi.icu/,200,78,
yozll.com,https://www.yozll.com,0,79,ClientConnectorDNSError
byteloid.one,https://www.byteloid.one,200,79,
wangyunzi.com,https://wangyunzi.com,200,79,
linexic.top,https://linexic.top/,200,79,
xuzhou-jiang.su,https://xuzhou-jiang.su,200,79,
blog.fivezha.cn,https://blog.fivezha.cn,0,80,ClientConnectorDNSError
makuraryu.vercel.app,https://makuraryu.vercel.app,200,80,
wiki.virtualguard101.com,https://wiki.virtualguard101.com/,200,80,
zhbi.top,https://www.zhbi.top,403,80,
blog.zhheo.com,https://blog.zhheo.com,200,80,
blog.fantasyke.cn,https://blog.fantasyke.cn/,200,80,
ittongxue.cn,https://www.ittongxue.cn,0,80,ClientConnectorDNSError
iktao.cn,https://iktao.cn,0,81,ClientConnectorError
heggria.site,https://heggria.site,0,81,ClientConnectorDNSError
seandictionary.top,https://seandictionary.top/,200,81,
kumosya.top,https://kumosya.top,200,81,
white-festa.net,https://white-festa.net,200,81,
blog.000k.de,https://blog.000k.de/,200,81,
morick66.com,https://www.morick66.com/,0,82,ClientConnectorError
imum.me,https://imum.me,200,82,
shirone.moe,https://shirone.moe,200,82,
wcowin.work,https://wcowin.work/,200,82,
smallsmallq.com,https://www.smallsmallq.com/blog,200,83,
blog.dominoh.com,https://blog.dominoh.com,200,83,
cynosura.one,https://cynosura.one,200,83,
blog.viki.moe,https://blog.viki.moe,200,83,
blog.245179.xyz,https://blog.245179.xyz/,200,83,
blog.krins.cloud,https://blog.krins.cloud,200,83,
fanzhuo.xyz,https://fanzhuo.xyz/,200,84,
liujing.me,https://www.liujing.me,200,85,
blog.6uu.us,https://blog.6uu.us,521,85,
uyoahz.cn,https://uyoahz.cn,200,86,
blog.jerrywick.com,https://blog.jerrywick.com,200,86,
fz.do,https://fz.do,200,87,
hechuan.me,https://hechuan.me/,200,87,
kenshin2438.top,https://kenshin2438.top,200,87,
littlenyima.github.io,https://littlenyima.github.io,200,88,
jhacker.cn,https://jhacker.cn,200,88,
angine.tech,https://angine.tech,200,88,
blog.share888.top,https://blog.share888.top,200,89,
blog.farewe1ll.top,https://blog.farewe1ll.top,200,89,
imbailey.cn,https://www.imbailey.cn/,200,89,
mirari.cc,https://mirari.cc/,200,89,
lyrashore.com,https://lyrashore.com,200,90,
yrian.top,https://www.yrian.top/,200,91,
xiaoxinblog.xyz,https://xiaoxinblog.xyz,200,91,
blog.teadrink.me,https://blog.teadrink.me/,200,91,
kioihyma.com,https://kioihyma.com/,429,92,
blog.y7n05h.dev,https://blog.y7n05h.dev,200,92,
fogflea.com,https://www.fogflea.com,521,92,
ajie.lu,https://ajie.lu,200,92,
tianyezhou.com,https://tianyezhou.com,200,92,
blog.goatpretty.com,https://blog.goatpretty.com/,200,92,
yangzhang.site,https://yangzhang.site,200,92,
muidar.com,https://muidar.com,200,93,
blog.yaria.top,https://blog.yaria.top,200,94,
blog.nosecurity.cn,https://blog.nosecurity.cn,200,94,
zinglix.xyz,https://zinglix.xyz,200,95,
qubik65536.top,https://qubik65536.top,200,95,
pkold.com,https://pkold.com,200,95,
blog.luckyfishes.site,https://blog.luckyfishes.site,200,95,
fushaolei.github.io,https://fushaolei.github.io/,200,96,
oragekk.me,https://oragekk.me,200,96,
blog.starsharbor.com,https://blog.starsharbor.com/,200,96,
aerosand.cn,https://aerosand.cn,200,97,
blog.quickso.cn,https://blog.quickso.cn,200,97,
blog.yfyang.me,https://blog.yfyang.me/,200,97,
qixing1217.top,https://qixing1217.top/,403,97,
blog.alayedong.cn,https://blog.alayedong.cn/,200,97,
lewky.cn,https://lewky.cn,200,98,
krau.top,https://krau.top,200,98,
taurusxin.com,https://www.taurusxin.com,200,98,
shadow-man.site,https://shadow-man.site/,200,99,
fantasydm.top,https://fantasydm.top/,200,99,
xeonzilla.top,https://xeonzilla.top,200,99,
nekro.top,https://www.nekro.top/,200,99,
blog.dlya.top,https://blog.dlya.top,200,100,
blog.heroxin.xyz,https://blog.heroxin.xyz,200,100,
xdull.cn,https://www.xdull.cn,200,101,
blog.antio2.cn,https://blog.antio2.cn,200,101,
magma.ink,https://magma.ink,200,102,
r1n.top,https://r1n.top,200,102,
aristore.top,https://www.aristore.top,200,102,
blog.helim.net,https://blog.helim.net,0,103,ClientConnectorDNSError
qrz.today,https://qrz.today,200,103,
blog.fufu.ink,https://blog.fufu.ink,200,103,
imcbc.cn,https://imcbc.cn,200,103,
blog.laugh12321.cn,https://blog.laugh12321.cn,200,103,
icodeq.com,https://icodeq.com,200,103,
blog.rickyxrc.cc,https://blog.rickyxrc.cc,200,103,
blog.xgclevo.top,https://blog.xgclevo.top/,429,104,
feiliwuyan.com,https://feiliwuyan.com,403,104,
blog.feng1026.top,https://blog.feng1026.top/,200,104,
zhengwenfeng.com,https://www.zhengwenfeng.com,200,104,
blog.kukac.top,https://blog.kukac.top,200,105,
jikehou.cn,https://jikehou.cn,200,105,
hk256.top,https://www.hk256.top/,200,105,
blog.awaae001.top,https://blog.awaae001.top/,200,105,
joeytoday.com,https://www.joeytoday.com/,200,106,
imszz.com,https://imszz.com,200,106,
cxl2020mc.top,https://www.cxl2020mc.top,200,106,
dreamo.ink,https://dreamo.ink,200,106,
blog.deepchirp.com,https://blog.deepchirp.com,200,106,
shenfou.com,https://shenfou.com,0,107,ClientConnectorDNSError
blog.lxythan2lxy.cn,https://blog.lxythan2lxy.cn/,200,107,
6young.site,https://www.6young.site,200,108,
careful.fyi,https://careful.fyi,200,108,
kanofans.com,https://www.kanofans.com,200,109,
blog.srprolin.top,https://blog.srprolin.top,200,109,
satinau.cn,https://satinau.cn,200,109,
zhoubin.me,https://zhoubin.me,0,111,ClientConnectorError
blog.fis.ink,https://blog.fis.ink/,200,111,
blog.yasking.org,https://blog.yasking.org,200,111,
aciano.top,https://aciano.top/,200,111,
blog.zhipro.com,https://blog.zhipro.com/,200,112,
hydsb0.com,https://www.hydsb0.com,200,113,
blog.kevinchu.top,https://blog.kevinchu.top,200,113,
zla.pub,https://zla.pub/,200,113,
xchere.xyz,https://www.xchere.xyz/,200,113,
blog.lemonstar.me,https://blog.lemonstar.me,200,114,
blog.loadke.tech,https://blog.loadke.tech,200,114,
blog.orangii.cn,https://blog.orangii.cn,200,114,
zty012.de,https://zty012.de,200,115,
bytespaces.com,https://bytespaces.com,0,115,ClientConnectorError
dil.illlli.com,https://dil.illlli.com,0,115,ClientConnectorError
data-era.cn,https://www.data-era.cn,0,115,ClientConnectorError
blog.quenan.cn,https://blog.quenan.cn,200,115,
blog.sakura.ink,https://blog.sakura.ink,200,116,
dorakika.cn,https://dorakika.cn,200,116,
qinzhi.cc,https://qinzhi.cc,0,116,ClientConnectorError
blog.keee.top,https://blog.keee.top,200,117,
vindo.cn,https://www.vindo.cn/,200,117,
icefox.site,https://www.icefox.site,0,117,ClientConnectorError
blogwinter.top,https://blogwinter.top,0,118,ClientConnectorError
shimoko.com,https://www.shimoko.com,200,119,
blog.nekomoyi.com,https://blog.nekomoyi.com,200,119,
blog.hzchu.top,https://blog.hzchu.top,200,119,
blog.liushen.fun,https://blog.liushen.fun,200,119,
blog.burnling.top,https://blog.burnling.top,200,120,
blog.l3zc.com,https://blog.l3zc.com/,200,120,
blog.rainsin.cn,https://blog.rainsin.cn,200,120,
blog.lfyszy.top,https://blog.lfyszy.top/,0,120,ClientConnectorDNSError
iasuna.com,https://www.iasuna.com,200,121,
yurenyiyuji.top,https://www.yurenyiyuji.top,200,121,
wrye.dev,https://wrye.dev/,200,121,
colsrch.cn,https://colsrch.cn,200,122,
xiaokang.me,https://xiaokang.me,451,123,
xihuannio.cn,https://www.xihuannio.cn,200,125,
mojinxi.cn,https://mojinxi.cn,0,125,ClientConnectorDNSError
xingpingcn.top,https://xingpingcn.top,200,125,
sbsb.life,http://sbsb.life,0,125,ClientConnectorDNSError
aicsuk.net,https://www.aicsuk.net,200,125,
blog.chen-di.com,https://blog.chen-di.com,200,125,
blog.lvbyte.top,https://blog.lvbyte.top,200,125,
blog.ksable.top,https://blog.ksable.top/,200,126,
masle.top,https://masle.top,200,126,
blog.lynn6.cn,https://blog.lynn6.cn,200,126,
blog.aiheadn.cn,https://blog.aiheadn.cn/,200,126,
xiangshu233.cn,https://www.xiangshu233.cn,429,127,
blog.felicx.eu.org,https://blog.felicx.eu.org/,200,127,
howiehz.top,https://howiehz.top,502,127,
blog.ganxb2.com,https://blog.ganxb2.com,200,127,
next-page.cn,https://www.next-page.cn,0,128,ClientConnectorError
blog.zicheng.icu,https://blog.zicheng.icu,0,128,ClientConnectorDNSError
qsub.cn,https://qsub.cn/,200,128,
blog.andyjin.website,https://blog.andyjin.website,200,128,
httsard.online,https://httsard.online/,200,129,
luoca.cn,https://luoca.cn,456,129,
wanghaoyu.com.cn,"https://www.wanghaoyu.com.cn/",200,129,
loafing.cn,https://loafing.cn,200,130,
thjiang.com,https://www.thjiang.com/,200,131,
volatile.qzz.io,https://volatile.qzz.io/,200,131,
flyday.top,https://www.flyday.top/,0,131,ClientConnectorDNSError
blog.pai233.top,https://blog.pai233.top,200,132,
jukai.site,https://jukai.site,200,133,
lyt0112.com,https://www.lyt0112.com,200,135,
blog.jsmsr.com,https://blog.jsmsr.com,200,136,
siena.zone,https://siena.zone,0,137,ClientConnectorDNSError
zzzhome.cc,https://zzzhome.cc,200,137,
blog.im0o.top,https://blog.im0o.top,200,138,
yux-bao.icu,https://yux-bao.icu,200,138,
烫烫烫的锟斤拷.top,https://烫烫烫的锟斤拷.top/,200,138,
blog.plfjy.top,https://blog.plfjy.top/,200,139,
echeverra.cn,https://echeverra.cn,200,141,
soulchild.cn,https://soulchild.cn,200,143,
blog.redcha.cn,https://blog.redcha.cn,456,143,
blog.zhilu.cyou,https://blog.zhilu.cyou,200,143,
zzzing.cn,https://zzzing.cn,0,144,ClientConnectorDNSError
blog.mugzx.top,https://blog.mugzx.top,200,146,
manjiuqi.com,https://www.manjiuqi.com/,418,147,
blog.yokumi.cn,https://blog.yokumi.cn/,403,148,
furrycon.top,https://furrycon.top/,403,148,
blog.xcnya.cn,https://blog.xcnya.cn,403,149,
omn.cc,https://omn.cc,403,149,
weisay.com,https://www.weisay.com/blog/,200,151,
yvii.cn,https://www.yvii.cn/,200,152,
skae.top,https://skae.top/,200,152,
blog.liuzhen932.top,https://blog.liuzhen932.top,403,153,
dao.js.cn,https://www.dao.js.cn/,0,153,ServerDisconnectedError
montylee.cn,https://www.montylee.cn,200,157,
jdjwzx233.cn,https://www.jdjwzx233.cn,200,158,
blog.hxrch.top,https://blog.hxrch.top,200,158,
ziyunchu.com,https://ziyunchu.com,0,158,ClientConnectorSSLError
denvoshome.xyz,https://www.denvoshome.xyz/,200,158,
moreality.net,https://moreality.net,200,159,
blog.lichenghao.cn,https://blog.lichenghao.cn,200,160,
myblog.wallleap.cn,https://myblog.wallleap.cn,200,160,
blog.toastbubble.top,https://blog.toastbubble.top,200,162,
ishya.top,https://ishya.top,200,164,
undf.top,https://undf.top/,0,164,ClientConnectorDNSError
xalaok.top,https://www.xalaok.top,200,166,
pinpe.top,https://pinpe.top,200,167,
blog.aizrf.com,https://blog.aizrf.com/,200,168,
blog.butanediol.me,https://blog.butanediol.me,200,169,
tutuxka.top,https://www.tutuxka.top,200,169,
blog.jaspirit.cc,https://blog.jaspirit.cc,200,169,
n-bc.top,https://www.n-bc.top,200,170,
ooowl.net,https://www.ooowl.net/,200,171,
xqcc.site,https://xqcc.site/,0,171,ClientConnectorError
vxcode.top,https://vxcode.top,0,171,ClientConnectorDNSError
yangzs.851219.xyz,https://yangzs.851219.xyz/,200,171,
mm.yaomomo.com,https://mm.yaomomo.com,0,173,ClientConnectorError
fuxes.cn,https://fuxes.cn/,200,175,
justpureh2o.cn,https://justpureh2o.cn/,200,176,
mofan212.github.io,https://mofan212.github.io/,200,177,
yoseya2410.github.io,https://yoseya2410.github.io,200,177,
666wxy666.github.io,https://666wxy666.github.io,200,178,
libmbr.com,https://www.libmbr.com,200,179,
kekkj123.github.io,https://kekkj123.github.io/,200,179,
hiripple.com,https://hiripple.com/zh,200,180,
blog.fengyunji.site,https://blog.fengyunji.site,200,180,
littlefean.github.io,https://littlefean.github.io/,200,180,
rqdmap.top,https://www.rqdmap.top,200,180,
momoyeyu.github.io,https://momoyeyu.github.io,200,180,
blog.eray.cc,https://blog.eray.cc/,403,181,
tcmiku.github.io,https://tcmiku.github.io/,200,181,
sutdown.github.io,https://sutdown.github.io/,200,181,
consolelz.github.io,https://consolelz.github.io/,200,182,
jinqimu.github.io,https://jinqimu.github.io,200,182,
grbj.cn,https://www.grbj.cn/,200,182,
anaer.github.io,https://anaer.github.io/blog/,200,183,
jackcipher.github.io,https://jackcipher.github.io/,200,183,
bluelanm.github.io,https://bluelanm.github.io/,200,183,
indulgeback.github.io,https://indulgeback.github.io,200,183,
uomn.cn,https://www.uomn.cn,0,184,ClientConnectorDNSError
weekdawn.github.io,https://weekdawn.github.io,200,186,
wangdabao.js.cool,https://wangdabao.js.cool,200,187,
blog.marshuni.fun,https://blog.marshuni.fun/,200,187,
blog.hikariyo.net,https://blog.hikariyo.net/,200,187,
yuanshen.dev,https://yuanshen.dev,200,187,
overstars.github.io,https://overstars.github.io/,200,187,
qiulaidongfeng.github.io,https://qiulaidongfeng.github.io/,200,188,
sccube.link,https://sccube.link,200,189,
blog.xavierskip.com,https://blog.xavierskip.com/,200,189,
amiaaaz.github.io,https://amiaaaz.github.io,200,189,
megatontech.github.io,https://megatontech.github.io,200,190,
wp-boke.work,https://wp-boke.work,200,190,
icu007work.github.io,https://icu007work.github.io,200,190,
peter267.github.io,https://peter267.github.io,200,191,
lanky6.github.io,https://lanky6.github.io,200,191,
zzzremake.github.io,https://zzzremake.github.io/site/,200,191,
blog.aloys233.top,https://blog.aloys233.top,200,192,
f2h2h1.github.io,https://f2h2h1.github.io,200,192,
bugbubbles.github.io,https://bugbubbles.github.io/,200,193,
mengbooo.github.io,https://mengbooo.github.io/BemoDB/,200,193,
blog.weidows.tech,https://blog.weidows.tech,200,194,
blog.trfox.top,https://blog.trfox.top,502,194,
tihu.github.io,https://tihu.github.io/tihu-hugo-blog/,200,194,
blog.qaoxiang.top,https://blog.qaoxiang.top,0,195,ClientConnectorSSLError
blog.boychai.xyz,https://blog.boychai.xyz/,0,196,ClientConnectorDNSError
tjsky.net,https://www.tjsky.net,200,196,
finding.is-cool.dev,https://finding.is-cool.dev/home/,200,196,
jiuliu.top,https://www.jiuliu.top/,0,196,ClientConnectorError
lorre.top,https://lorre.top,0,197,ClientConnectorError
blog.leoo.fun,https://blog.leoo.fun/,0,198,ClientConnectorDNSError
i.bbb-lsy07.sbs,https://i.bbb-lsy07.sbs,0,198,ClientConnectorDNSError
jerrychoices.cn,https://jerrychoices.cn,0,198,ClientConnectorDNSError
blog.ciriu.com,https://blog.ciriu.com,200,198,
liangqianxing.github.io,https://liangqianxing.github.io/,200,198,
pic.ffnb.top,https://pic.ffnb.top,0,199,ClientConnectorDNSError
blog.moyuql.top,https://blog.moyuql.top,0,199,ClientConnectorDNSError
jinjis.cn,https://jinjis.cn,0,200,ClientConnectorError
blog.xxfer.cn,https://blog.xxfer.cn,0,200,ClientConnectorDNSError
bull.eu.org,https://bull.eu.org,200,201,
rhopaper.top,https://rhopaper.top/,200,201,
huangbo.me,https://www.huangbo.me/,0,201,ClientConnectorError
shockerli.net,https://shockerli.net,200,202,
fffzlfk.github.io,https://fffzlfk.github.io,200,204,
loquy.cn,https://www.loquy.cn,200,204,
scottyeung.top,https://scottyeung.top,200,206,
djdog.cc,https://djdog.cc,200,207,
maikire.xyz,https://maikire.xyz/,200,207,
hongliu.icu,https://hongliu.icu,200,207,
lakeus.xyz,https://lakeus.xyz,403,209,
xsl.im,https://www.xsl.im,200,209,
duanyll.com,https://duanyll.com,200,209,
linmohan.fun,https://linmohan.fun/,200,209,
elliot98.top,https://www.elliot98.top,200,210,
blog.wututu.cn,https://blog.wututu.cn,200,210,
pandakon.cn,https://pandakon.cn/,200,210,
note.stalomeow.com,https://note.stalomeow.com/,200,211,
boysblog.cn,https://boysblog.cn,0,211,ClientConnectorError
thisisxxz.com,https://thisisxxz.com/,200,212,
utopiaxc.cn,https://www.utopiaxc.cn,200,212,
wileyzhang.com,https://www.wileyzhang.com/,200,213,
ecwuuuuu.com,https://ecwuuuuu.com,200,213,
jame.work,https://jame.work,200,213,
sunnyli.xn--9traa.eu.org,https://sunnyli.xn--9traa.eu.org,200,214,
ikuyo.dev,https://ikuyo.dev,200,214,
controlnet.space,https://controlnet.space/,200,214,
ficor.net,https://ficor.net,200,214,
quarkpixel.github.io,https://quarkpixel.github.io/,200,215,
blog.nuaa.tech,https://blog.nuaa.tech,200,215,
blog.yesord.top,"https://blog.yesord.top",200,215,
taotaoiswjs.cn,https://www.taotaoiswjs.cn/,200,215,
alzt02.github.io,https://alzt02.github.io,200,217,
moonlab.top,https://moonlab.top,200,217,
dz.sumer.work,https://dz.sumer.work,0,217,ClientConnectorError
dcbj.online,https://dcbj.online/,200,218,
lifeislife.cn,https://lifeislife.cn/,200,218,
xuanzhi33.cn,"https://www.xuanzhi33.cn",200,218,
blogs.stephen-zhang.cn,https://blogs.stephen-zhang.cn,200,218,
blog.gytxtx.top,https://blog.gytxtx.top/,200,218,
blog.xsnet.eu.org,https://blog.xsnet.eu.org,200,219,
15926.tech,https://15926.tech/,200,220,
blog.amoswu.top,https://blog.amoswu.top,200,221,
azusemisa.top,https://azusemisa.top,200,222,
linzekai.cn,https://www.linzekai.cn/,200,222,
blog.icybit.cn,https://blog.icybit.cn,200,222,
misakamoe.com,https://misakamoe.com,200,223,
ycyc.win,"https://ycyc.win",200,223,
mmoe.work,https://mmoe.work,200,223,
codenebula.netlify.app,https://codenebula.netlify.app,200,224,
blog.pptcar.com,https://blog.pptcar.com,200,225,
lave.fun,https://lave.fun/,200,225,
miyamura.top,https://miyamura.top,200,225,
blog.mariozzj.cn,https://blog.mariozzj.cn,200,226,
blog.hpcesia.com,https://blog.hpcesia.com/,200,227,
kqh.me,https://kqh.me,200,227,
shoka.lostyu.me,https://shoka.lostyu.me,200,228,
cairbin.top,https://cairbin.top,200,228,
min168.top,https://min168.top/,200,228,
err0r.top,https://err0r.top,200,229,
cicode.cn,https://www.cicode.cn,0,230,ClientConnectorDNSError
blog.imlast.top,https://blog.imlast.top,200,230,
blog.yaten.xyz,https://blog.yaten.xyz,200,230,
bolg.wuenci.wang,https://bolg.wuenci.wang,200,230,
blog.codestar.top,https://blog.codestar.top,200,230,
pysio.online,https://www.pysio.online/,200,231,
nelsonboss.ink,https://nelsonboss.ink,200,231,
geekswg.js.cool,https://geekswg.js.cool,200,231,
blog.aqcoder.cn,https://blog.aqcoder.cn,200,231,
blog.haojin.li,https://blog.haojin.li,200,233,
blog.furen.link,https://blog.furen.link,200,233,
xrbk.cn,https://www.xrbk.cn,200,233,
blog.opeach.cn,https://blog.opeach.cn/,200,233,
blog.drpika.com,https://blog.drpika.com,200,234,
ftz.is-a.dev,https://ftz.is-a.dev/,200,235,
sumi233.top,https://www.sumi233.top,200,236,
blog.qcmoe.com,https://blog.qcmoe.com,0,237,TooManyRedirects
dailiang.com,https://dailiang.com/,200,237,
kegongteng.cn,https://kegongteng.cn/,200,237,
subrige.xyz,https://subrige.xyz,200,238,
blog.ilue.pp.ua,https://blog.ilue.pp.ua,0,238,ClientConnectorDNSError
zair.top,https://www.zair.top/,200,238,
blog.danzaii.cn,https://blog.danzaii.cn,200,238,
baozongwi.xyz,https://baozongwi.xyz/,200,239,
pgoj.top,https://www.pgoj.top,200,239,
xmdblog.com,https://www.xmdblog.com,200,240,
blog.imsyy.top,https://blog.imsyy.top/,200,240,
nuyoahbk.com,https://www.nuyoahbk.com,200,240,
louisfiy.com,https://louisfiy.com,200,240,
yzyyz.top,https://yzyyz.top,200,241,
tbghg.top,https://tbghg.top,200,241,
blog.sakurasep.site,https://blog.sakurasep.site,200,241,
darksheep.xyz,"https://darksheep.xyz",200,241,
blog.sukiu.top,https://blog.sukiu.top,200,242,
genkaim.top,https://www.genkaim.top,200,242,
extlight.com,https://www.extlight.com,0,243,ClientConnectorError
uhope.fun,https://uhope.fun,0,243,ClientConnectorError
docs.lizili.online,https://docs.lizili.online/,200,243,
soda-official.top,https://soda-official.top,200,243,
liupj.top,https://liupj.top,200,243,
dong27th.cn,https://www.dong27th.cn,200,243,
takuron.com,https://takuron.com,200,244,
yltang.cn,https://yltang.cn,200,244,
blog.imxizhen.cn,https://blog.imxizhen.cn,200,244,
serialist.top,https://www.serialist.top/,200,244,
liubing.me,https://liubing.me/,200,245,
agen233.top,https://agen233.top,200,245,
flwty.cn,https://www.flwty.cn,200,246,
sszsj.com,https://sszsj.com,200,246,
blog.iqzhi.com,https://blog.iqzhi.com,200,247,
blog.btwoa.com,https://blog.btwoa.com/,200,247,
coolku.cc,https://www.coolku.cc,200,247,
zhengqiao.wang,https://www.zhengqiao.wang,200,247,
leetme.netlify.app,https://leetme.netlify.app/,200,248,
blog.mauve.icu,https://blog.mauve.icu,200,248,
the0n3.top,https://the0n3.top,200,248,
jokerdig.top,https://jokerdig.top,200,248,
dengqn.com,https://dengqn.com,200,248,
icl.site,https://www.icl.site,200,248,
mengxiblog.top,https://www.mengxiblog.top,200,248,
qixz.cn,https://www.qixz.cn/,200,249,
shimmerl.top,https://www.shimmerl.top,200,249,
blog.huaxiangshan.com,https://blog.huaxiangshan.com/zh-cn/,200,249,
xiao-h.com,https://xiao-h.com/,200,250,
mskclover.com,https://mskclover.com,200,251,
blog.imysen.com,https://blog.imysen.com,200,251,
imets.cn,https://www.imets.cn/,0,251,ClientConnectorError
dougunduzi.top,https://dougunduzi.top,200,251,
ymiir.asia,https://ymiir.asia/,200,252,
deepwhitex.com,https://deepwhitex.com,200,252,
226yzy.com,https://226yzy.com,200,253,
blog.dctewi.com,https://blog.dctewi.com,200,253,
lishuhang.me,https://lishuhang.me/,200,254,
greendolphindance.com,https://greendolphindance.com,200,255,
note.jiehua.org,https://note.jiehua.org,403,255,
bluesdawn.top,https://www.bluesdawn.top,200,256,
windy.ink,https://windy.ink/,200,257,
lihaoyu.cn,https://www.lihaoyu.cn,200,257,
bkryofu.cn,https://bkryofu.cn,200,258,
geekery.cn,"https://www.geekery.cn/",200,258,
ykuee.link,https://www.ykuee.link,200,258,
innatus.cn,https://innatus.cn/,200,258,
blog.dukefox.com,https://blog.dukefox.com,200,259,
crackme.net,https://crackme.net/,200,259,
xiaolai.cc,https://www.xiaolai.cc,200,260,
blog.tdrme.cn,https://blog.tdrme.cn/,200,260,
imba97.com,https://imba97.com,200,260,
futseyi.com,https://www.futseyi.com/,200,261,
heykyo.com,https://www.heykyo.com/,200,262,
eofs791.github.io,https://eofs791.github.io,200,263,
yamdr.cn,https://www.yamdr.cn,0,265,ClientConnectorError
xxp.one,https://xxp.one,200,265,
juniortree.com,https://www.juniortree.com,200,265,
blog.fiveth.cc,https://blog.fiveth.cc/,200,265,
kaffa.im,https://kaffa.im,200,266,
blog.trotyl.xyz,https://blog.trotyl.xyz,200,266,
blog.yngcy.com,https://blog.yngcy.com,404,266,
blog.demius.tech,https://blog.demius.tech/,200,266,
blog.liugezhou.online,https://blog.liugezhou.online,200,266,
blog.fkun.tech,https://blog.fkun.tech,200,267,
blog.june-pj.cn,https://blog.june-pj.cn,200,267,
home.yesord.top,https://home.yesord.top,200,267,
yourlai.com,https://yourlai.com,200,267,
blog.haoye.plus,https://blog.haoye.plus/,200,269,
seln.cn,https://seln.cn/,200,269,
97772.top,https://97772.top,200,270,
yourlai.icu,https://yourlai.icu,404,270,
luanshiliunian.cn,https://www.luanshiliunian.cn/,200,272,
shansan.top,https://shansan.top,200,273,
xifeng.net,https://xifeng.net,200,273,
loliloli.moe,https://loliloli.moe,200,274,
docs.shanyuhai.top,https://docs.shanyuhai.top,200,274,
nichijou.moe,https://nichijou.moe,200,275,
guqing.io,https://guqing.io,200,275,
blog.sotkg.com,https://blog.sotkg.com,200,275,
blog.gzti.me,https://blog.gzti.me,200,276,
blog.mcloc.cn,https://blog.mcloc.cn,200,276,
blog.guuguai.site,https://blog.guuguai.site/,200,276,
blog.stevezmt.top,https://blog.stevezmt.top,200,278,
blog.zeruns.com,https://blog.zeruns.com,0,279,ClientConnectorSSLError
bioez.xyz,https://bioez.xyz,200,280,
ciniao.me,https://ciniao.me/,200,280,
blog.cuteleaf.cn,https://blog.cuteleaf.cn,200,282,
wpironman.top,https://www.wpironman.top/,200,282,
blog.hehouhui.cn,https://blog.hehouhui.cn/,200,283,
boiltask.com,https://boiltask.com,200,283,
blog.badapple.pro,https://blog.badapple.pro,200,284,
8cat.life,https://8cat.life,200,284,
lisz.me,https://lisz.me,200,284,
zerowolf.cn,https://zerowolf.cn/,200,285,
fzxx.xyz,https://www.fzxx.xyz,403,286,
xiaobu.xyz,https://www.xiaobu.xyz/,500,286,
i.duckxu.com,https://i.duckxu.com,200,286,
0x3f.foo,https://www.0x3f.foo,200,286,
blog.mc118cn.cn,https://blog.mc118cn.cn/,200,286,
ayayy.com,https://ayayy.com/,200,286,
ceale.moe,https://ceale.moe,200,286,
shinya.click,https://shinya.click,200,287,
blog.brackrat.com,https://blog.brackrat.com/,200,287,
blog.erispyu.fun,https://blog.erispyu.fun/,200,287,
oxoxtech.com,https://www.oxoxtech.com,200,288,
blog.kokomi.me,https://blog.kokomi.me,200,288,
mnzn.me,https://mnzn.me,200,288,
easyf12.top,https://easyf12.top,200,288,
kudou.org,https://www.kudou.org,200,289,
blog.ehnap.com,https://blog.ehnap.com,200,290,
okace.cn,https://www.okace.cn,200,290,
blog.fanghongbo.com,https://blog.fanghongbo.com,200,292,
codeqihan.com,https://www.codeqihan.com,200,293,
lailai.one,https://lailai.one,200,294,
itbob.cn,https://www.itbob.cn,200,296,
blog.180280.xyz,https://blog.180280.xyz/,200,297,
ichika.cc,https://ichika.cc,200,298,
dendrobiumcgk.chat,https://www.dendrobiumcgk.chat/,200,299,
yidiankuaile.com,https://www.yidiankuaile.com,500,301,
nancc.com,https://www.nancc.com,514,301,
blog.amireuxox.cn,https://blog.amireuxox.cn,200,302,
zhangz.cc,https://www.zhangz.cc,200,303,
jinjun.top,https://www.jinjun.top/,200,303,
xscnet.cn,https://www.xscnet.cn/,200,303,
mrskye.cn,https://www.mrskye.cn,200,304,
blog.7wate.com,https://blog.7wate.com,200,304,
yunyoujun.cn,https://www.yunyoujun.cn,200,305,
leonxie.cn,https://www.leonxie.cn/,200,306,
xn--otsr53afot.com,https://xn--otsr53afot.com,200,307,
blog.goodboyboy.top,https://blog.goodboyboy.top,200,307,
blog.qiyuor2.me,https://blog.qiyuor2.me,200,309,
blog.moyanjdc.top,https://blog.moyanjdc.top/,200,309,
kp-z.github.io,https://kp-z.github.io/blog-cn/home/index.html,200,310,
htmacg.cn,https://www.htmacg.cn/,200,310,
blog.kayro.cn,https://blog.kayro.cn/,200,310,
dawnteam.cn,https://www.dawnteam.cn,502,311,
blog.mhuig.top,https://blog.mhuig.top,403,312,
koranotes.com,https://koranotes.com,200,312,
blog.histcat.top,https://blog.histcat.top,200,312,
voidbytes.com,https://voidbytes.com/,200,312,
iftft.com,https://www.iftft.com,0,312,ClientConnectorError
yisibuwang.top,https://www.yisibuwang.top/,200,312,
inkss.cn,https://inkss.cn/,200,314,
nickx.cn,https://nickx.cn,200,314,
blog.ljcbaby.top,https://blog.ljcbaby.top,200,317,
xbstack.com,https://xbstack.com,200,317,
ariels.xyz,https://www.ariels.xyz,200,318,
blog.inekoxia.com,https://blog.inekoxia.com,200,318,
ordchaos.com,https://www.ordchaos.com,200,318,
xiyo8.cn,https://www.xiyo8.cn,200,320,
blog.cuger.cn,https://blog.cuger.cn,200,321,
blog.omoi.fun,https://blog.omoi.fun/,0,322,ClientConnectorDNSError
blog.drearry.com,https://blog.drearry.com/,200,322,
devdeg.com,https://www.devdeg.com/,200,323,
leetfs.com,https://leetfs.com/,200,325,
koxiuqiu.cn,https://koxiuqiu.cn,0,327,ClientConnectorDNSError
feidaoboke.com,https://www.feidaoboke.com,200,327,
57767.top,https://57767.top,200,328,
m.senlinm.cn,https://m.senlinm.cn,0,330,ClientConnectorDNSError
thinks365.com,https://www.thinks365.com/,200,330,
joomaen.com,https://www.joomaen.com,200,330,
nxxy335.top,https://nxxy335.top/,200,332,
arcwolf.top,https://www.arcwolf.top,200,333,
wikimoe.com,https://www.wikimoe.com/,403,334,
siax.cn,https://siax.cn,200,334,
land.hash.moe,https://land.hash.moe/,403,335,
aajax.top,https://aajax.top,200,335,
bi1vmm.cn,https://bi1vmm.cn/,567,335,
blog.loveyou.moe,https://blog.loveyou.moe,200,336,
wiki.pwddd.com,https://wiki.pwddd.com,0,336,ClientConnectorSSLError
blog.kclub.tech,https://blog.kclub.tech/,200,341,
2star.top,https://2star.top,200,341,
youyeyejie.github.io,https://youyeyejie.github.io/,200,342,
blog.cloudchewie.com,https://blog.cloudchewie.com,514,342,
ilovey.live,https://ilovey.live,200,344,
blog.wingszeng.top,https://blog.wingszeng.top,200,344,
chenlifeng.com,https://www.chenlifeng.com/,200,344,
lawtee.com,https://lawtee.com,200,345,
musenxi.com,https://musenxi.com,200,347,
mingblog.site,https://mingblog.site,200,347,
pym.plus,https://pym.plus,200,347,
srebro.cn,https://srebro.cn/,200,350,
biibii.cn,https://www.biibii.cn,200,351,
rylan.cn,https://rylan.cn/,200,351,
blog.lie-kong.top,https://blog.lie-kong.top/,200,352,
note.moxiify.cn,https://note.moxiify.cn,200,353,
zyxin.xyz,https://zyxin.xyz/blog,200,353,
blog.kdyzm.cn,https://blog.kdyzm.cn,200,354,
tabirstrees.top,https://www.tabirstrees.top,200,357,
studiountagged.top,https://studiountagged.top,200,358,
code-pigeon.github.io,https://code-pigeon.github.io/blog,200,358,
histonevon.top,https://histonevon.top,502,360,
shifeiyu.cn,https://shifeiyu.cn,200,360,
shiquda.link,https://shiquda.link/,200,360,
blog.dhbxs.top,https://blog.dhbxs.top,200,360,
santisify.top,https://santisify.top/,200,362,
blog.zekun.fun,https://blog.zekun.fun,200,364,
nbbnbb.com.cn,https://www.nbbnbb.com.cn/,200,364,
handsonic.top,https://handsonic.top,200,365,
moey.cn,https://moey.cn,200,367,
blog.liseezn.top,https://blog.liseezn.top,200,368,
eexuan.cn,https://www.eexuan.cn/,200,369,
debuginn.com,https://debuginn.com,200,370,
hejunjie.life,https://hejunjie.life,200,371,
lb5.net,https://lb5.net/,200,371,
blog.6yfz.cn,https://blog.6yfz.cn,200,373,
catcat.blog,https://catcat.blog,200,375,
cworld0.com,https://cworld0.com/,200,375,
llmzyj.github.io,https://llmzyj.github.io,200,375,
gabrielxd.com,https://gabrielxd.com,200,375,
b.ncii.cn,https://b.ncii.cn/,200,376,
iots.vip,https://www.iots.vip,200,376,
farer.org,https://farer.org/,200,377,
blog.storia.ren,https://blog.storia.ren/,200,378,
blog.arkria.dev,https://blog.arkria.dev/,200,378,
sliun.com,https://sliun.com/,200,378,
ikamusume7.org,https://www.ikamusume7.org,200,381,
dudududu.vip,https://dudududu.vip/,200,381,
blog.cancin.cn,https://blog.cancin.cn/,200,382,
blog.kixyu9527.com,https://blog.kixyu9527.com,200,382,
blog.lxscloud.top,https://blog.lxscloud.top,200,384,
docset.vip,https://docset.vip,200,384,
lin-blog.xyz,https://lin-blog.xyz,200,384,
529464.xyz,https://529464.xyz/,200,387,
g-haoyu.top,https://g-haoyu.top/,200,388,
sikan.moe,"https://sikan.moe",200,388,
zheep.top,https://www.zheep.top/,200,388,
blog.gbfun.cc,https://blog.gbfun.cc/,200,390,
timewaster43.github.io,https://timewaster43.github.io,200,391,
yveji.com,https://www.yveji.com,200,392,
whooc.com,https://whooc.com,200,392,
blog.cpen.top,https://blog.cpen.top,200,392,
amber6hua.github.io,https://amber6hua.github.io,200,392,
blog.chenmyawa.top,https://blog.chenmyawa.top/,200,393,
blog.yaqwq.top,https://blog.yaqwq.top,0,393,ClientConnectorSSLError
blog.imken.moe,https://blog.imken.moe,200,394,
notion.hehouhui.cn,https://notion.hehouhui.cn,0,395,ClientConnectorError
barku.re,https://barku.re,200,396,
ziyang-bai.github.io,https://ziyang-bai.github.io/,200,397,
fifsky.com,https://fifsky.com,200,397,
bamboomc.cn,https://bamboomc.cn,200,399,
imakashi.com,https://imakashi.com/,200,400,
zym2013.dpdns.org,https://zym2013.dpdns.org/,200,400,
yuaneuro.cn,https://yuaneuro.cn,200,400,
ie12blog.36102025.xyz,https://ie12blog.36102025.xyz/,200,400,
blog.kfdzcoffee.cn,https://blog.kfdzcoffee.cn,200,402,
lyszm.com,https://www.lyszm.com,200,404,
blog.daoxi365.top,https://blog.daoxi365.top/,200,405,
viisaus.tech,https://viisaus.tech,0,405,ClientConnectorError
nexonull.xyz,https://nexonull.xyz,200,405,
404notfixed.cn,https://404notfixed.cn,200,407,
amazingk.cn,https://www.amazingk.cn,200,407,
watermelonabc.top,https://watermelonabc.top/,200,409,
ww-fs.com,https://ww-fs.com,200,411,
neutrino7.top,https://neutrino7.top,200,412,
lab.gb0.dev,https://lab.gb0.dev,200,412,
blog.gankudadiz.com,https://blog.gankudadiz.com/,200,412,
blog.ymbit.cn,https://blog.ymbit.cn,200,412,
dmxiaozi.top,https://dmxiaozi.top,200,412,
rainafter.cn,https://www.rainafter.cn,200,415,
rong6.cn,https://rong6.cn,200,416,
blog.stevenw.cc,https://blog.stevenw.cc,200,417,
zigzagk.top,https://zigzagk.top,200,418,
blog.zhwei101.com,https://blog.zhwei101.com,200,418,
xyzbz.cn,https://xyzbz.cn,200,420,
blog.canmoe.com,https://blog.canmoe.com,200,420,
yvesx.com,https://www.yvesx.com,200,421,
onlytl.com,"https://onlytl.com/",200,421,
ll.sc.cn,https://ll.sc.cn,0,422,ClientConnectorError
blog.gd1214b.icu,https://blog.gd1214b.icu,404,423,
wfblog.net,https://wfblog.net,0,423,ServerDisconnectedError
80srz.com,https://www.80srz.com,200,424,
bluish.net,https://bluish.net,200,424,
lib.sci-adv.cc,https://lib.sci-adv.cc,404,425,
ares-tech-stack.cn,https://ares-tech-stack.cn/blog_service/#/about,200,425,
blog.bleaz.net,https://blog.bleaz.net/,200,425,
daolanx.me,https://daolanx.me/zh/,200,426,
d-d.design,https://d-d.design,200,426,
sudachi.top,https://sudachi.top,200,427,
wyjmew.cn,https://wyjmew.cn,200,430,
landhutu.top,https://www.landhutu.top,403,431,
baihw.cn,https://baihw.cn,200,431,
woyioii.cn,https://www.woyioii.cn,200,433,
ultravires.me,https://ultravires.me/,200,433,
maxqi.top,https://maxqi.top,200,434,
735690757.github.io,https://735690757.github.io/,200,436,
blog.rabbitwebs.cn,https://blog.rabbitwebs.cn,0,436,ClientConnectorDNSError
dolingou.com,https://www.dolingou.com,200,438,
llh1347.com,https://www.llh1347.com,403,439,
blog.stoh.cc,https://blog.stoh.cc/,200,444,
lincol29.cn,https://www.lincol29.cn,200,449,
leo2011.eu.org,https://leo2011.eu.org/,200,449,
80h.cn,https://80h.cn,200,449,
ihello.cc,https://ihello.cc,200,449,
pigwan.me,https://pigwan.me,200,450,
addesp.com,https://www.addesp.com,200,451,
lzzet.com,https://www.lzzet.com,200,453,
frank2019.life,"https://frank2019.life",200,454,
blog.serms.top,https://blog.serms.top/,0,456,ClientConnectorError
1ning.cn,https://www.1ning.cn/,200,456,
blog.aulypc0x0.online,https://blog.aulypc0x0.online/,200,457,
yujiale.blog,https://yujiale.blog,200,459,
timelate.com,https://www.timelate.com,200,465,
leonis.cc,https://leonis.cc,200,466,
cloud.sd.cn,https://cloud.sd.cn/,200,466,
david03.top,https://david03.top,200,467,
blog.skihome.xyz,https://blog.skihome.xyz,200,467,
blog.gzzz.pro,https://blog.gzzz.pro/,200,467,
baii.icu,https://baii.icu,200,470,
woolyun.com,https://woolyun.com/,200,471,
blog.jiumoz.com,https://blog.jiumoz.com,200,471,
tutouzhang.com,https://tutouzhang.com,200,473,
blog.kengwang.com.cn,https://blog.kengwang.com.cn,200,473,
blog.806006.xyz,https://blog.806006.xyz,200,476,
blog.wryhf.com,https://blog.wryhf.com/,200,476,
blog.tibrella.space,https://blog.tibrella.space,200,477,
yunxge.cn,https://www.yunxge.cn,200,477,
vespeng.com,https://vespeng.com,200,479,
blog.jiyu134.top,https://blog.jiyu134.top/,200,480,
blog.ninc.top,https://blog.ninc.top,200,480,
longtao.fun,https://longtao.fun,200,481,
blog.faryou.eu.org,https://blog.faryou.eu.org,200,482,
wuminboke.site,https://wuminboke.site/,200,482,
daoker.cc,https://daoker.cc,200,483,
upxuu.com,https://upxuu.com,200,483,
aurora.love,https://www.aurora.love,200,484,
blog.leihub.cn,https://blog.leihub.cn/,567,485,
xhd0728.github.io,https://xhd0728.github.io/,200,485,
pipuwong.com,https://pipuwong.com,200,485,
blog.sky390.cn,https://blog.sky390.cn,200,486,
liwanr.com,https://liWanr.com,200,486,
xyhelper.top,https://xyhelper.top,404,488,
insilen.com,https://www.insilen.com,200,488,
duanxiansen.com,https://www.duanxiansen.com/,200,489,
sycamore.top,https://www.sycamore.top,200,490,
haoruanmao.com,https://www.haoruanmao.com,200,491,
blog.zhanxy.cn,https://blog.zhanxy.cn/,200,491,
smilear.cn,https://smilear.cn,200,494,
lipk.org,https://www.lipk.org,200,495,
wellobserve.com,https://www.wellobserve.com,403,501,
bwsl.wang,https://www.bwsl.wang/,200,501,
zhouwenzhe.com,https://zhouwenzhe.com,200,503,
yanghuaxing.com,https://www.yanghuaxing.com,200,503,
flowersink.com,"https://flowersink.com/",200,504,
skylan.cc,https://skylan.cc/,200,505,
youngjuning.js.org,https://youngjuning.js.org,200,507,
linxii.top,https://linxii.top/,200,508,
blog.imzy.ink,https://blog.imzy.ink,200,510,
huiris.com,https://huiris.com,200,512,
qninq.cn,https://qninq.cn,403,515,
blog.hesiy.cn,https://blog.hesiy.cn,200,519,
oatse.com,https://www.oatse.com,200,519,
mgrowup.com,https://mgrowup.com/,200,519,
jiangmiemie.com,https://www.jiangmiemie.com,200,520,
gowiki.site,https://gowiki.site,200,523,
blog.ning.moe,https://blog.ning.moe/,200,523,
feeshy.top,https://feeshy.top,200,524,
vluv.space,https://vluv.space,200,524,
blog.wubw.fun,https://blog.wubw.fun,0,524,ClientConnectorSSLError
mrgod.cn,https://www.mrgod.cn,200,526,
fairysen.com,https://fairysen.com,200,527,
lml023.top,https://lml023.top,200,529,
limina.top,https://www.limina.top,200,532,
xiaohuihui.cc,https://xiaohuihui.cc/,200,532,
blog.shenyouchu.cn,https://blog.shenyouchu.cn/,200,532,
moleft.cn,https://www.moleft.cn,200,533,
daodaoshi.xyz,https://www.daodaoshi.xyz,200,534,
gmcllp.cn,https://www.gmcllp.cn,200,534,
iamyukino.cn,https://iamyukino.cn,200,536,
ztrztr.top,https://ztrztr.top,200,537,
meuicat.com,https://meuicat.com,200,539,
blog.0xd00.com,https://blog.0xd00.com,200,539,
yc100.github.io,https://yc100.github.io/,200,539,
wz4488.de,https://wz4488.de/,200,541,
wanglin.blog,https://wanglin.blog,200,541,
fish9.cn,https://www.fish9.cn,200,542,
bestoko.cc,https://bestoko.cc/,200,543,
ayu.land,https://ayu.land,200,544,
lxink.cn,https://www.lxink.cn/,200,545,
blog.zzzdc.com,https://blog.zzzdc.com,200,545,
dabenshi.cn,https://dabenshi.cn,200,547,
rikka.im,https://rikka.im,200,550,
obgnauh.com,https://www.obgnauh.com/,200,551,
fec.xyz,https://www.fec.xyz/,200,562,
blog.jkl.asia,https://blog.jkl.asia,200,564,
deusyu.app,https://deusyu.app,200,565,
bena.cn,https://www.bena.cn,200,568,
blog.mmoe.work,https://blog.mmoe.work/,200,570,
blog.viper3.top,https://blog.viper3.top,200,570,
starlinglin.top,https://www.starlinglin.top/,200,571,
blog.tengfei.website,https://blog.tengfei.website,200,571,
youhuge.site,https://youhuge.site/,200,573,
hadongzhu.com,https://hadongzhu.com/,200,573,
soogf.com,https://soogf.com/,200,574,
pengs.top,https://pengs.top/,200,574,
dhkk.cn,https://www.dhkk.cn,200,574,
rl1.cc,https://rl1.cc,200,575,
tntmcbbs.cn,https://www.tntmcbbs.cn/,200,575,
hailandao.com,https://hailandao.com/,200,575,
blog.elysium-stack.cn,https://blog.elysium-stack.cn,200,578,
张晶晶.我爱你,https://张晶晶.我爱你,0,580,ServerDisconnectedError
szx.life,https://szx.life,200,587,
finley.top,https://www.finley.top/,200,588,
wznmickey.com,https://wznmickey.com,200,589,
hiwannz.com,https://hiwannz.com,200,589,
fang.blog.miri.site,https://fang.blog.miri.site,200,594,
laokbk.cn,https://laokbk.cn,200,598,
blog.zhuyu.xyz,https://blog.zhuyu.xyz,200,598,
blog.nicebao.com,https://blog.nicebao.com,200,600,
blog.sakurasou.io,https://blog.sakurasou.io,200,601,
sunnyfly.com,https://www.sunnyfly.com/,200,603,
ddw2019.com,https://ddw2019.com,200,606,
ygxz.in,https://www.ygxz.in,200,608,
xrpyq.com,https://www.xrpyq.com/page/links,503,608,
blog.zc.wiki,https://blog.zc.wiki,200,611,
zebin-yue.top,https://www.zebin-yue.top/,200,613,
7boe.top,https://7boe.top,200,615,
blog.oalo.cn,https://blog.oalo.cn,403,620,
xenwayne.top,https://xenwayne.top,200,622,
zachariah.run,https://zachariah.run/,200,622,
allenyou.wang,https://www.allenyou.wang,200,623,
greniray.org,https://greniray.org,200,627,
blog.twofei.com,https://blog.twofei.com,200,628,
mioz.life,https://www.mioz.life/,200,628,
blog.xing-ye.top,https://blog.xing-ye.top/,403,629,
oyiso.cn,https://oyiso.cn,200,630,
lylyl.cn,https://www.lylyl.cn/,200,634,
blog.code520.com.cn,https://blog.code520.com.cn,404,638,
teh.top,https://www.teh.top,200,639,
yeqi.net,https://yeqi.net,0,639,ClientConnectorDNSError
ihaihe.cn,https://ihaihe.cn/,200,640,
cyrusblog.net,https://www.cyrusblog.net/,200,641,
t-t.live,https://t-t.live/,200,641,
blog.weichky.com,https://blog.weichky.com,200,641,
lifengdi.com,https://www.lifengdi.com,200,644,
fengkeao.top,https://fengkeao.top/,0,645,ServerDisconnectedError
pandax.wiki,https://pandax.wiki,200,646,
blog.bsgun.cn,https://blog.bsgun.cn/,200,646,
blog.chrxw.com,https://blog.chrxw.com,200,646,
blog.moeqy.com,https://blog.moeqy.com/,200,648,
weitao-jiang.cn,https://www.weitao-jiang.cn,200,648,
kinsey973.github.io,https://kinsey973.github.io/,200,651,
b.wihi.top,https://b.wihi.top,200,653,
acchw.top,https://acchw.top,200,654,
dyzmj.top,https://www.dyzmj.top,200,656,
silverisky.com,https://silverisky.com,200,656,
gorpeln.top,https://gorpeln.top,200,657,
blog.luckyits.com,https://blog.luckyits.com,200,662,
hats-land.com,https://www.hats-land.com/,200,664,
baka.fun,https://baka.fun,200,669,
tdeh.top,https://tdeh.top,200,673,
aloner.ink,https://aloner.ink,200,674,
wpzllq.cn,https://wpzllq.cn/,0,675,ClientOSError
hxy.cc,https://www.hxy.cc/,200,677,
hilxy.com,https://hilxy.com/,200,677,
blog.starchen.top,https://blog.starchen.top/,200,678,
blog.jjdxb.top,https://blog.jjdxb.top,200,680,
blog.angustar.com,https://blog.angustar.com,200,686,
yuxiangyun.top,https://yuxiangyun.top/,403,689,
axi404.top,https://axi404.top/,200,691,
biliwind.com,https://www.biliwind.com/,200,691,
blog.musnow.top,https://blog.musnow.top,200,691,
xingwangzhe.fun,https://xingwangzhe.fun,200,694,
uctb.cn,https://www.uctb.cn/,200,694,
blog.shiguang666.eu.org,https://blog.shiguang666.eu.org,200,695,
ysicing.me,https://ysicing.me,200,700,
blog.yebken.cn,https://blog.yebken.cn/,200,705,
moechu.cn,https://moechu.cn,403,713,
blog.zyx-2012.cn,https://blog.zyx-2012.cn,200,714,
gcoulu.cn,https://www.gcoulu.cn,200,714,
blog.kpretty.tech,https://blog.kpretty.tech,200,716,
kissthisrain.cn,https://www.kissthisrain.cn/,200,717,
fs1m.com,https://fs1m.com/,200,718,
cheng.st,https://cheng.st,200,718,
blog.borber.top,https://blog.borber.top/,200,721,
freejishu.com,https://www.freejishu.com,200,721,
diraw.top,https://diraw.top/,200,721,
malei.net,https://www.malei.net,200,725,
071400.xyz,https://071400.xyz/,200,726,
ddf.im,https://www.ddf.im,200,731,
blog.gogei.top,https://blog.gogei.top,200,731,
blog.zmonster.top,https://blog.zmonster.top,200,731,
blog.southfox.me,https://blog.southfox.me,200,732,
xd.sh.cn,https://xd.sh.cn,200,734,
nicejf.cn,https://nicejf.cn,200,735,
treemoe.cn,https://www.treemoe.cn,200,737,
blueke.top,https://www.blueke.top,0,742,ClientConnectorSSLError
blog.mocn.top,https://blog.mocn.top,200,742,
citydatum.cn,https://citydatum.cn/,200,744,
logdict.com,https://www.logdict.com,200,747,
shrinken.pw,https://shrinken.pw,200,747,
nongyanxia.com,https://www.nongyanxia.com,403,748,
irithys.com,https://irithys.com,200,748,
lukelzlz.top,https://lukelzlz.top/,200,749,
space.fosky.top,https://space.fosky.top,200,760,
lner.top,https://lner.top,200,765,
blog.ilidilid.top,https://blog.ilidilid.top/,200,772,
blog.simonsun.cc,https://blog.simonsun.cc/,200,775,
hetong-re4per.com,https://www.hetong-re4per.com/,200,780,
leehenry.top,https://leehenry.top/,200,782,
zanks.link,https://www.zanks.link,200,783,
pinaland.cn,https://pinaland.cn/,200,786,
frytea.com,https://www.frytea.com,404,786,
qwq.me,https://qwq.me,200,796,
vinking.top,https://www.vinking.top,200,797,
ljscope.top,https://www.ljscope.top/,200,797,
wubie.quanmwl.com,https://wubie.quanmwl.com/,200,801,
xxx.kesug.com,"https://xxx.kesug.com",200,807,
zyglq.cn,https://www.zyglq.cn,200,808,
xiaoxi.ac.cn,https://www.xiaoxi.ac.cn,200,808,
diyun.site,https://www.diyun.site/,200,816,
blog.marice.top,https://blog.marice.top/,200,816,
zlrm.net,https://zlrm.net/,200,817,
project.chukogals.top,https://project.chukogals.top/,200,818,
blog.yunshu.site,https://blog.yunshu.site,200,819,
blog.w1f.top,https://blog.w1f.top/,200,821,
zhx-blog.top,https://www.zhx-blog.top/,200,822,
wangjiezhe.com,https://wangjiezhe.com,200,824,
blog.colix.cn,https://blog.colix.cn,200,831,
kulafan.com,https://www.kulafan.com/,200,833,
chlo.is,https://chlo.is,200,833,
blog.horonlee.com,https://blog.horonlee.com,200,833,
blog.laobinghu.top,https://blog.laobinghu.top,200,833,
blog.ozzo.top,http://blog.ozzo.top,200,838,
blog.sakurasen.cn,https://blog.sakurasen.cn,200,840,
blog.hanlin.press,"https://blog.hanlin.press",200,843,
wmviv.com,https://www.wmviv.com,0,843,ServerDisconnectedError
blog.moeworld.tech,https://blog.moeworld.tech,200,845,
hs.cnies.org,https://hs.cnies.org,200,845,
blog.zhoujump.club,https://blog.zhoujump.club/,200,845,
qijieya.cn,https://qijieya.cn,200,846,
nickwald.top,https://www.nickwald.top/,500,848,
ls-shandong.codeberg.page,https://ls-shandong.codeberg.page,404,848,
leorain.cn,https://www.leorain.cn/,200,851,
blog.xlenco.top,https://blog.xlenco.top,200,851,
blog.chino.mom,https://blog.chino.mom,200,851,
qaqme.cn,https://www.qaqme.cn/,200,851,
manshaoco.com,https://www.manshaoco.com,200,853,
note.redcha.cn,https://note.redcha.cn,200,856,
astrophel.top,https://www.astrophel.top,200,857,
kaitaku.xyz,https://www.kaitaku.xyz,200,858,
lafoyer.com,https://www.lafoyer.com,200,861,
blog.study996.cn,https://blog.study996.cn,200,863,
kiko2568.top,https://kiko2568.top/,200,865,
safe.cafe,https://safe.cafe,200,865,
axm.moe,https://axm.moe,200,867,
blog.xenoecho.top,https://blog.xenoecho.top/,200,868,
chenxutalk.top,https://www.chenxutalk.top,200,869,
sizau.com,https://www.sizau.com,200,869,
linjhs.top,https://linjhs.top/,200,872,
blog.tsio.top,https://blog.tsio.top,200,874,
blog.leonus.cn,https://blog.leonus.cn,200,878,
itxcjm.top,https://www.itxcjm.top,200,882,
niepan.org,https://niepan.org,200,886,
xfsay.com,https://xfsay.com,200,893,
sifangbazhu.tech,https://www.sifangbazhu.tech,403,909,
vichain.cn,https://vichain.cn,200,916,
blog.moew.xyz,https://blog.moew.xyz,200,916,
blog.kimbell.top,https://blog.kimbell.top/,200,919,
jianchengwang.info,https://jianchengwang.info,200,920,
note.noxussj.top,https://note.noxussj.top,200,925,
rainmorime.com,https://rainmorime.com,200,929,
blog.impressionyang.top,https://blog.impressionyang.top,200,930,
rua.ink,https://www.rua.ink,200,933,
mepic.cn,https://www.mepic.cn,200,934,
moraex.com,https://www.moraex.com,200,938,
blog.hanta2011.top,https://blog.hanta2011.top,200,939,
umb.ink,https://umb.ink/,200,939,
ihkk.net,https://ihkk.net,200,940,
blog.chario.cn,https://blog.chario.cn/,200,945,
aotxland.com,https://aotxland.com,200,945,
fanyiming.life,https://fanyiming.life,200,951,
emohe.cn,https://emohe.cn,200,951,
blog.moej.cn,https://blog.moej.cn,200,955,
blog.nas666.com,https://blog.nas666.com/,200,958,
remsait.com,https://remsait.com,200,962,
chenhe.me,https://chenhe.me,200,962,
xiaohanwu.com,https://www.xiaohanwu.com,200,962,
tonyyin.top,https://tonyyin.top,200,966,
elisky.cn,https://elisky.cn,200,968,
shiyin.cafe,https://shiyin.cafe/,200,970,
blog.uuanqin.top,https://blog.uuanqin.top/,200,971,
davingm.com,https://davingm.com,200,971,
ecylt.top,https://www.ecylt.top/,200,978,
iamazing.cn,https://iamazing.cn,200,978,
blog.xp6.top,https://blog.xp6.top,200,978,
devzhi.com,https://www.devzhi.com,200,982,
blog.glumi.cn,https://blog.glumi.cn,200,982,
tyatt.top,https://www.tyatt.top,200,986,
cheapy.top,https://cheapy.top,200,986,
zrs.xyz,https://zrs.xyz,200,987,
saneko.me,https://saneko.me/,200,988,
blog.lvems.top,https://blog.lvems.top,200,989,
blog.garryde.com,https://blog.garryde.com,200,993,
blog.feitwnd.cc,https://blog.feitwnd.cc/,200,995,
blog.keaeye.fun,https://blog.keaeye.fun,200,996,
luochancy.com,https://www.luochancy.com,200,997,
blog.rainiar.top,https://blog.rainiar.top,200,1001,
helywin.com,https://www.helywin.com,200,1001,
blog.hadream.ltd,https://blog.hadream.ltd,200,1004,
xiaolii.com,https://xiaolii.com,200,1005,
ccgxk.com,https://www.ccgxk.com/,200,1007,
26464342.xyz,https://26464342.xyz,0,1007,ClientConnectorDNSError
blog.isww.cn,https://blog.isww.cn,200,1010,
kuaikan.ink,https://kuaikan.ink,200,1018,
blog.snowy.moe,https://blog.snowy.moe,200,1020,
imut.xyz,https://www.imut.xyz,200,1020,
blog.shineyu.cn,https://blog.shineyu.cn,0,1022,ClientOSError
bfzw.top,https://bfzw.top,200,1029,
blog.lusyoe.com,https://blog.lusyoe.com,200,1032,
blog.itsse.cn,https://blog.itsse.cn,200,1032,
zyyo.net,https://zyyo.net,200,1033,
denki.top,https://denki.top/,200,1034,
chirmyram.top,https://www.chirmyram.top,200,1035,
fx7.top,https://fx7.top,200,1044,
mubeiyizhimao.top,https://www.mubeiyizhimao.top,200,1044,
blog.sibaihua.com,https://blog.sibaihua.com,200,1045,
luodeb.top,https://www.luodeb.top,403,1045,
guzhengsvt.cn,https://guzhengsvt.cn/,200,1047,
blog.mahoo12138.cn,https://blog.mahoo12138.cn,418,1048,
geedea.pro,https://www.geedea.pro/,200,1050,
blog.gumengyo.top,https://blog.gumengyo.top/,200,1053,
royc30ne.com,https://www.royc30ne.com,200,1060,
nocp.space,https://nocp.space,200,1060,
bear556.top,https://www.bear556.top,200,1065,
blog.adyun.design,https://blog.adyun.design,200,1065,
zqcnc.cn,https://www.zqcnc.cn,200,1070,
blog.shidaigx.cn,https://blog.shidaigx.cn/,502,1072,
vaultattic.cn,https://www.vaultattic.cn/,200,1073,
wordplay.work,https://wordplay.work/,200,1078,
ghostchu.com,https://www.ghostchu.com,200,1086,
mnchen.cn,https://mnchen.cn/,200,1088,
imjipa.top,https://imjipa.top,200,1093,
alantorp.online,https://www.alantorp.online,200,1096,
blog.clearligh.top,https://blog.clearligh.top,200,1097,
7gugu.com,https://7gugu.com,200,1097,
blog.zhengru.top,https://blog.zhengru.top,200,1098,
4ading.com,https://4ading.com,200,1106,
furryowo.top,https://www.furryowo.top/,200,1115,
beni.pub,https://beni.pub,200,1115,
mriansy.cn,https://www.mriansy.cn,200,1125,
blog.truebigsand.top,https://blog.truebigsand.top,200,1126,
blognas.hwb0307.com,https://blognas.hwb0307.com,200,1134,
gshuo.space,https://gshuo.space/,200,1134,
liangbm3.site,https://liangbm3.site,200,1137,
iigeek.com,https://iigeek.com,444,1138,
blog.chaunceychi.fun,https://blog.chaunceychi.fun,200,1148,
blog.catchyun.com,https://blog.catchyun.com,403,1151,
iflux.art,https://iflux.art/,200,1154,
lyp.ink,https://lyp.ink,200,1156,
lklog.cn,https://lklog.cn,200,1159,
dreamiao.com,https://dreamiao.com,200,1168,
ffnb.top,https://ffnb.top,200,1175,
blog.kkii.org,https://blog.kkii.org,200,1183,
huiyex.top,https://www.huiyex.top,200,1188,
blog.twelveeee.top,https://blog.twelveeee.top/,200,1196,
xn--yetq47i.top,https://www.xn--yetq47i.top/,200,1201,
moexc.com,https://moexc.com/,200,1202,
castamerego.com,https://castamerego.com/,200,1206,
xiaoten.com,https://www.xiaoten.com,200,1229,
efu.me,https://efu.me,200,1232,
xudadi.com,https://www.xudadi.com,200,1235,
blog.smallfang.fun,https://blog.smallfang.fun,200,1236,
foolishfox.cn,https://foolishfox.cn,200,1240,
pljzy.top,https://pljzy.top,200,1248,
qvp.moe,https://qvp.moe,200,1264,
9sb.net,https://9sb.net,200,1274,
boysec.cn,https://www.boysec.cn/,200,1278,
summerpond.cn,https://www.summerpond.cn,200,1280,
cylife.top,https://cylife.top/,404,1281,
anye.xyz,https://www.anye.xyz,200,1288,
yuanshan.site,https://www.yuanshan.site/,200,1289,
blog.anheyu.com,https://blog.anheyu.com,200,1289,
cszj.wang,https://cszj.wang,200,1290,
xiwangly.com,https://www.xiwangly.com,200,1294,
chenxublog.com,https://www.chenxublog.com,200,1296,
lznauy.cn,https://lznauy.cn/,200,1297,
blog.linyunlink.top,https://blog.linyunlink.top/,200,1299,
blog.fohok.xin,https://blog.fohok.xin,200,1312,
milu.ink,"https://milu.ink",200,1316,
vjo.cc,https://vjo.cc,0,1322,ServerDisconnectedError
moshanghua.net,https://moshanghua.net,200,1324,
yao9e.cn,https://www.yao9e.cn/,200,1326,
puresky.top,https://www.puresky.top,200,1333,
blog.peiluming.com,https://blog.peiluming.com,200,1337,
blog.hongsw.cn,https://blog.hongsw.cn,200,1341,
bikari.top,https://bikari.top,200,1341,
jellypro.cn,https://jellypro.cn,200,1342,
blog.sdsml.top,https://blog.sdsml.top/,200,1342,
blog.zyxm.top,https://blog.zyxm.top/,200,1344,
pwsz.com,https://pwsz.com/,200,1348,
xze.cc,https://www.xze.cc,200,1353,
liuyude.com,https://liuyude.com,200,1357,
home.vindo.cn,https://home.vindo.cn,200,1360,
blog.lehman.top,https://blog.lehman.top,200,1361,
youngsforever.online,https://www.youngsforever.online,404,1367,
chriskim.cn,https://www.chriskim.cn/,200,1367,
blog.sky233.top,https://blog.sky233.top/,200,1378,
blog.ai-nous.com,https://blog.ai-nous.com/,200,1390,
illusional.top,https://www.illusional.top/,0,1395,ClientConnectorError
baiwumm.com,https://baiwumm.com/,200,1401,
tyrantg.com,https://www.tyrantg.com,200,1407,
kanokano.cn,https://kanokano.cn/,200,1408,
xcshare.site,https://xcshare.site,200,1410,
yilantingfeng.site,https://www.yilantingfeng.site,200,1412,
ryanzm.cn,https://www.ryanzm.cn/,500,1415,
blog.diffday.com,https://blog.diffday.com,200,1417,
chenzhen.space,https://www.chenzhen.space/,200,1419,
vrast.cn,https://vrast.cn/,200,1424,
blog.hiyun.top,https://blog.hiyun.top,200,1438,
akiyamamio.fun,https://www.akiyamamio.fun/,502,1451,
xiaonie.me,https://xiaonie.me,200,1451,
wxbuluo.com,https://www.wxbuluo.com/,200,1459,
likepoems.com,https://likepoems.com,200,1474,
ooo.vg,https://www.ooo.vg,200,1474,
275.pub,https://www.275.pub/,200,1481,
blog.levnli.cn,https://blog.levnli.cn,502,1482,
tiaobug.com,https://www.tiaobug.com,200,1485,
lybblog.cn,https://www.lybblog.cn,200,1488,
suemor.com,https://suemor.com,200,1488,
morcat.cn,https://www.morcat.cn,200,1498,
baipin.pw,https://baipin.pw,200,1501,
itylq.com,https://www.itylq.com,200,1509,
mrrxx.com,https://www.mrrxx.com,200,1516,
zhw150.top,https://www.zhw150.top,200,1518,
dogeas.club,https://dogeas.club,200,1523,
dusays.com,https://dusays.com,200,1532,
i.igosn.com,https://i.igosn.com,200,1536,
zouht.com,https://www.zouht.com,200,1540,
imqi1.com,https://imqi1.com/,200,1546,
blog.lovelu.top,https://blog.lovelu.top,200,1550,
kissbaofish.cn,https://kissbaofish.cn,200,1553,
detechn.com,https://www.detechn.com,200,1556,
blessyou.top,https://www.blessyou.top,200,1565,
baiyuyu.com,https://www.baiyuyu.com,200,1565,
miaoer.net,https://www.miaoer.net,200,1569,
blog.zhecydn.asia,https://blog.zhecydn.asia/,200,1581,
zhejianglao.cn,https://zhejianglao.cn,200,1582,
yucol.top,https://yucol.top,200,1592,
ztgdblog.icu,https://ztgdblog.icu/,200,1594,
yurik.cafe,https://yurik.cafe,200,1609,
blog.likesrt.com,"https://blog.likesrt.com",200,1613,
iamdt.cn,https://www.iamdt.cn,200,1618,
haoyu233.com,https://www.haoyu233.com,200,1632,
webfem.com,https://webfem.com/,200,1635,
xancel.top,https://xancel.top,200,1648,
blog.ziyege.com,https://blog.ziyege.com/,200,1653,
webjing.cn,https://www.webjing.cn,200,1653,
pamusi.com,https://pamusi.com,200,1658,
sxrekord.com,https://sxrekord.com,200,1658,
miraii.cn,https://miraii.cn,200,1658,
aibofan.com,https://aibofan.com,200,1667,
743.world,https://743.world,200,1669,
chrisfu.cn,https://chrisfu.cn/,200,1691,
cooree.eu.org,https://www.cooree.eu.org/,200,1692,
owo.cab,https://owo.cab,200,1695,
moechun.fun,https://moechun.fun,200,1698,
oplog.cn,https://www.oplog.cn,200,1704,
blog.sjtuxhw.top,https://blog.sjtuxhw.top,200,1722,
aiyo99.com,https://www.aiyo99.com,504,1733,
xiaozonglin.cn,https://www.xiaozonglin.cn,200,1737,
anhaoyang.com,https://www.anhaoyang.com/,200,1744,
lxnchan.cn,https://lxnchan.cn,200,1746,
gwy.fun,https://gwy.fun,200,1750,
nibbles.cn,https://nibbles.cn,200,1754,
yfzhu.cn,https://yfzhu.cn,200,1773,
pyrzo.com,https://www.pyrzo.com,200,1780,
jerrydodo.com,https://jerrydodo.com,200,1812,
blog.luvying.com,https://blog.luvying.com,200,1813,
jssolo.com,https://www.jssolo.com,200,1822,
programnotes.cn,https://programnotes.cn/,200,1822,
xiaoa.me,https://xiaoa.me,200,1827,
yrajsh.cn,https://yrajsh.cn/,200,1845,
hikki.site,https://hikki.site,0,1859,ServerDisconnectedError
cuixinxin.cn,https://cuixinxin.cn,200,1864,
zimoou.com,https://zimoou.com,200,1865,
blog.lmb.blue,https://blog.lmb.blue/,200,1868,
rsnocsi.cn,https://www.rsnocsi.cn,200,1869,
space.alex3236.moe,https://space.alex3236.moe/,200,1885,
blog.adlamp.cn,https://blog.adlamp.cn,200,1890,
blog.jombarry.online,https://blog.jombarry.online,200,1895,
carm.cc,https://www.carm.cc/,200,1895,
blog.tomys.top,https://blog.tomys.top,200,1900,
blog.luzy.top,https://blog.luzy.top,200,1904,
tylk.cc,https://tylk.cc,200,1908,
cn059.com,https://www.cn059.com,200,1915,
wiki.eryajf.net,https://wiki.eryajf.net,200,1917,
itmsky.com,https://www.itmsky.com/,200,1928,
wanghanyue.com,https://www.wanghanyue.com,200,1929,
penguinway.space,https://penguinway.space,200,1930,
lilu.org.cn,https://lilu.org.cn,200,1934,
nkns.cc,https://nkns.cc,200,1948,
blog.hikarilan.life,https://blog.hikarilan.life,200,1951,
gilatod.art,"https://gilatod.art",200,1957,
erui.org,https://erui.org/,200,1980,
blog.qgmzmy.me,https://blog.qgmzmy.me,200,1984,
blog.chendi.com,https://blog.chendi.com,0,1984,ClientConnectorError
wp.qwq2022.top,https://wp.qwq2022.top,200,2002,
zlinblog.cn,https://zlinblog.cn,200,2009,
blog.meta-code.top,https://blog.meta-code.top,200,2025,
diary.bid,https://diary.bid,200,2068,
pocs.cn,https://pocs.cn,200,2073,
gmoe.cc,https://www.gmoe.cc,200,2078,
forum.gitzaai.com,https://forum.gitzaai.com,200,2079,
blog.veitzn.top,https://blog.veitzn.top,200,2091,
paddysun.top,https://www.paddysun.top,200,2093,
panda995.xyz,https://panda995.xyz,200,2108,
notes.smallbamboo.cn,https://notes.smallbamboo.cn,200,2111,
imcao.cn,https://www.imcao.cn,200,2118,
bcmonomial.xyz,https://www.bcmonomial.xyz/,200,2126,
thyuu.com,https://www.thyuu.com,200,2136,
shape.kloudy.cn,https://shape.kloudy.cn,200,2145,
blog.zzppjj.top,https://blog.zzppjj.top,200,2147,
blog.qaiu.top,https://blog.qaiu.top,200,2148,
xhily.com,https://www.xhily.com/,200,2185,
totoro.site,https://totoro.site,200,2217,
yufm.com,https://yufm.com,200,2218,
jdzhao.com,https://jdzhao.com,200,2218,
qladgk.com,https://qladgk.com/,200,2224,
timochan.cn,https://www.timochan.cn,200,2228,
blog.slhaf.work,https://blog.slhaf.work,200,2257,
rainview.net,https://rainview.net,200,2278,
blog.xiaoda.fun,https://blog.xiaoda.fun,200,2312,
blog.59888888.xyz,https://blog.59888888.xyz,200,2316,
blog.kaiqi.wang,https://blog.kaiqi.wang,200,2328,
sunzishaokao.com,https://www.sunzishaokao.com/,200,2338,
a0v0a.cn,https://www.a0v0a.cn,0,2355,ServerDisconnectedError
liunian.cc,https://www.liunian.cc/,200,2358,
chenmx.net,https://www.chenmx.net,200,2365,
hmily.ren,https://www.hmily.ren,200,2365,
kzhik.cn,https://www.kzhik.cn,200,2368,
yangda.vip,https://yangda.vip/,200,2417,
blog.xioxix.com,https://blog.xioxix.com/,200,2423,
imfurry.com,https://imfurry.com/,200,2429,
blog.yxyang.top,"https://blog.yxyang.top",200,2440,
lomtom.cn,https://lomtom.cn,200,2447,
8853131.xyz,https://8853131.xyz,200,2479,
kwokronny.com,https://www.kwokronny.com/,200,2492,
blog.zamlia.com,https://blog.zamlia.com,200,2499,
wsvaio.cn,https://wsvaio.cn,200,2516,
caibucai.top,https://www.caibucai.top/,200,2522,
moeyao.cn,https://www.moeyao.cn/,200,2529,
hin.cool,https://hin.cool,200,2532,
zihan.show,https://www.zihan.show,200,2532,
arlulu.com,https://arlulu.com,200,2533,
ameow.xyz,https://ameow.xyz,200,2610,
blog.ooliver.cn,https://blog.ooliver.cn,200,2611,
xding.top,https://xding.top,200,2619,
xingmail.cn,https://www.xingmail.cn/,0,2623,ServerDisconnectedError
yhalo.cn,https://yhalo.cn/,200,2650,
blog.jackeylea.com,https://blog.jackeylea.com,200,2651,
linlexiao.com,https://linlexiao.com,200,2655,
wang618.cn,https://wang618.cn,200,2663,
xizi.live,https://xizi.live/,200,2676,
indude.cn,https://indude.cn/,520,2684,
blog.boranstars.top,https://blog.boranstars.top/,200,2687,
oldcrocodile.space,https://www.oldcrocodile.space/,200,2701,
zrn.net,https://zrn.net,0,2704,ClientConnectorSSLError
ionssource.cn,https://ionssource.cn,200,2724,
11ao.cn,https://11ao.cn,200,2731,
styunlen.cn,https://styunlen.cn/,200,2765,
xingbianren.cn,https://xingbianren.cn,200,2784,
bangkaixin.com,https://bangkaixin.com,200,2789,
ajinol.com,https://www.ajinol.com,200,2799,
mroldl001.top,https://www.mroldl001.top/,200,2815,
blog.wyc.cc,https://blog.wyc.cc,200,2817,
yuejiaxin.ln.cn,https://yuejiaxin.ln.cn/,200,2860,
yjztest.top,https://www.yjztest.top/xiba-newblog/home,200,2873,
uufog.com,https://www.uufog.com,200,2888,
blog.chentao1006.com,https://blog.chentao1006.com/,200,2909,
lik.cc,https://www.lik.cc/,200,2962,
java78.com,https://www.java78.com,200,2969,
tiger.work,https://tiger.work/,200,2989,
memxb.top,https://www.memxb.top,200,3025,
leziblog.com,https://leziblog.com,200,3041,
beyondxin.top,https://www.beyondxin.top/navigation,404,3050,
luming.cool,https://luming.cool,200,3071,
micfong.space,https://micfong.space,200,3110,
blog.hakochest.cn,https://blog.hakochest.cn,200,3112,
xkj.93665.xin,https://xkj.93665.xin/,200,3161,
blog.dimeta.top,https://blog.dimeta.top/,200,3179,
hsuyeung.com,https://www.hsuyeung.com,200,3184,
tch.cool,https://tch.cool,200,3353,
jiafeng.fun,https://www.jiafeng.fun,404,3372,
cyrus19.cc,https://cyrus19.cc/,200,3409,
liuchenyang.top,https://liuchenyang.top,200,3447,
zxs.me,https://zxs.me,200,3454,
amjun.com,https://www.amjun.com/,200,3487,
natro92.fun,https://natro92.fun,200,3590,
blog.lumirant.top,https://blog.lumirant.top,200,3611,
lys8.cn,https://lys8.cn,200,3662,
boyoung.top,https://www.boyoung.top,200,3779,
yunyanck.cn,https://www.yunyanck.cn,200,3780,
blog.shenghuo2.top,https://blog.shenghuo2.top,200,3820,
blog.chrison.cn,https://blog.chrison.cn,200,3862,
jjy2023.cn,https://www.jjy2023.cn/,200,3907,
m-n.top,https://m-n.top/,200,3950,
qs100371.top,https://qs100371.top,200,3963,
x8xx.cn,https://www.x8xx.cn,200,4018,
wanyijizi.com,https://wanyijizi.com,0,4027,ServerDisconnectedError
blog.yiming1234.cn,https://blog.yiming1234.cn,200,4070,
hovthen.com,https://www.hovthen.com,200,4086,
moriform.com,https://moriform.com,200,4149,
summergao.com,https://www.summergao.com,200,4198,
whbbit.cn,https://whbbit.cn,200,4200,
loneapex.cn,https://loneapex.cn/,200,4213,
bytecho.net,https://www.bytecho.net,200,4258,
mozixi.com,https://mozixi.com,200,4271,
loliapi.com,"https://www.loliapi.com/",200,4305,
blog.nekotc.cn,https://blog.nekotc.cn,200,4584,
lemonkoi.one,https://lemonkoi.one,200,4684,
blog.y1yan.com,https://blog.y1yan.com,200,4685,
blog.ceobe.cn,https://blog.ceobe.cn/,200,4690,
hollowman.cn,https://hollowman.cn,200,4852,
90svip.cn,https://www.90svip.cn/,520,4971,
lycoris.cloud,https://www.lycoris.cloud,0,5009,ServerDisconnectedError
blog.tigerxly.com,https://blog.tigerxly.com,200,5025,
ppyia.com,https://ppyia.com,200,5232,
blog.yujiay.wang,https://blog.yujiay.wang,200,5254,
lu1104.cn,https://lu1104.cn/,200,5376,
blog.sdy666.icu,https://blog.sdy666.icu,200,5468,
nkmon.com,https://www.nkmon.com,200,5643,
yxbug.ren,https://yxbug.ren,200,6223,
apurer.cn,https://apurer.cn,200,6577,
iliuqi.com,https://www.iliuqi.com,200,7556,
itpours.com,https://www.itpours.com,502,12218,
ashy.me,https://ashy.me,0,15000,timeout
ley.best,https://ley.best,0,15000,timeout
lyxnxia.space,https://lyxnxia.space,0,15000,timeout
jampang.cn,https://www.jampang.cn/,0,15000,timeout
blog.mcenahle.org.cn,https://blog.mcenahle.org.cn/,0,15000,timeout
blog.catrol.cn,https://blog.catrol.cn,0,15000,timeout
csl88.top,https://www.csl88.top,0,15000,timeout
zxwlove.xyz,https://zxwlove.xyz,0,15000,timeout
wangdi.xyz,https://www.wangdi.xyz,0,15000,timeout
a8rs.top,https://a8rs.top,0,15000,timeout
woodfishhhh.xyz,https://www.woodfishhhh.xyz/,0,15000,timeout
kongsheng.top,https://www.kongsheng.top,0,15000,timeout
6lazi.com,https://6lazi.com,0,15000,timeout
blog.sdnie.fun,https://blog.sdnie.fun,0,15000,timeout
zhuxu.asia,https://zhuxu.asia/,0,15000,timeout
blog.southz.top,https://blog.southz.top/,0,15000,timeout
blog.alcex.cn,https://blog.alcex.cn,0,15000,timeout
blog.caonmd.com,https://blog.caonmd.com/,0,15000,timeout
sangxuesheng.com,https://sangxuesheng.com,0,15000,timeout
m78.co,https://www.m78.co,0,15000,timeout
blog.shaoao.top,https://blog.shaoao.top,0,15000,timeout
kangqiovo.com,https://www.kangqiovo.com,0,15000,timeout
nenufm.com,https://nenufm.com,0,15000,timeout
wrans.top,https://wrans.top,0,15000,timeout
lonleaf.com,https://lonleaf.com,0,15000,timeout
blog.671688.xyz,https://blog.671688.xyz,0,15000,timeout
blog.uptoz.cn,https://blog.uptoz.cn/,0,15000,timeout
cddone.com,https://cddone.com/,0,15000,timeout
kylaan.top,https://Kylaan.top,0,15000,timeout
imcharon.com,https://www.imcharon.com,0,15000,timeout
docn.net,https://www.docn.net,0,15000,timeout
stvue.com,https://stvue.com,0,15000,timeout
blog.w1ndys.top,https://blog.w1ndys.top/,0,15000,timeout
duxinfeng.com,https://duxinfeng.com,0,15000,timeout
wyxogo.top,https://wyxogo.top,0,15000,timeout
chinjua.com.cn,https://www.chinjua.com.cn/,0,15000,timeout
icooper.cc,https://icooper.cc,0,15000,timeout
blog.kobin.cn,https://blog.kobin.cn,0,15000,timeout
luuooo.com,https://luuooo.com/,0,15000,timeout
443eb9.dev,https://443eb9.dev/,0,15000,timeout
blog.floqo.cn,https://blog.floqo.cn/,0,15000,timeout
mqfs.com,https://mqfs.com,0,15000,timeout
ling71.cn,https://www.ling71.cn,0,15000,timeout
lishoujie.cn,https://www.lishoujie.cn,0,15000,timeout
xiangming.site,https://www.xiangming.site,0,15000,timeout
202271.xyz,https://202271.xyz,0,15000,timeout
